student_id,previous_score,attendance_rate,completed_trainings,engagement_score,submission_rate,success
STU0670,81.46931646622761,67.189692404923,4.0236053756672305,49.321198456749194,46.7461068506856,1.0196366413967568
STU0641,99.87771279753613,80.35872969096955,5.34580051991562,75.25822827480424,58.202817083040635,0.9555420952812925
STU0417,77.33284504186071,67.78049869117352,3.0449162711851474,59.1388834594258,45.89193476735858,1.0178750263255933
STU0502,58.12703650061124,87.027192918827,5.871073798201822,45.03803711388545,64.05564240023615,0.9941548106131556
STU0818,81.26290416325946,75.76725541800764,4.987741859034929,66.70405480620039,57.67116752018784,1.017692762744215
STU0585,50.922918683881605,64.33821659607405,3.7719200788960645,66.14705262215668,50.25176844557317,0.019430232917385562
STU0260,84.69672725112461,67.98607369552273,8.989650543331608,55.866308207221124,52.56839816215016,1.0402122406079544
STU0647,35.298753990052255,62.005602226995,1.8930309630055164,60.86575444441173,22.92101311308442,0.03384843207574375
STU0666,9.30477561598963,49.86031498496637,4.117541209175431,71.65345752454964,17.69609117643829,0.03367632097123907
STU0889,70.57986464573135,87.94700275475829,1.9294359683611124,75.44745590924508,58.700809590596926,1.0361046548021438
STU0651,50.610132429367034,50.89309206549916,8.985006606144411,26.57145152834706,52.764080305730154,0.007287077613020729
STU0516,58.34808753824473,65.67145145696689,5.918390833752428,71.2482033210357,39.125165228643105,0.000804914696807754
STU0208,47.724002378350576,56.796246690483024,7.223278197212768,52.39234750907969,41.38334036758899,0.021828224266442778
STU0348,63.57780840269884,42.70686988957037,6.958750639834738,54.35252124215393,31.981426076896927,0.01830856372664027
STU0918,76.10440464074016,89.77182658608031,11.235310529862998,80.17636214168222,54.73791930804219,0.9922705830823778
STU0732,86.60268747356507,72.45293252873694,7.104541620253862,66.70355388486468,41.65036731301341,1.010124201652418
STU0964,45.15420634086379,96.4770484812254,7.061900052411601,74.26592029813877,57.0770466886251,0.9991222748011025
STU0378,69.66793455620358,56.08453763530268,7.047347389584449,74.14081840793003,44.35003174280252,0.978644048800597
STU0134,33.23690243233606,85.92323504722442,9.050565766141693,65.42802255692393,40.085493346345885,1.0322730466814747
STU0169,80.43089471973076,74.95000372311547,5.752476105634888,50.53466820713736,46.15503989623828,1.0013804741778163
STU0319,73.5862860711539,89.88979756353258,4.964189819093972,66.97387025786385,68.17313824924261,1.0512360082856291
STU0769,72.27031322665886,79.66694071360158,6.108522990171016,59.01954361520253,52.667720705520594,0.9593481721415373
STU0780,59.809724998924125,72.9828450576418,4.993721329334308,57.69677783046918,43.751110772732865,0.9860755567751226
STU0476,64.9798882543672,65.26466164745906,2.819565798191096,54.43294372943322,55.67312505871686,1.0008162624916663
STU0215,45.478523292795416,75.85105819706092,11.993270976706324,55.95411812352416,44.86723027445026,1.0284446880726144
STU0129,80.95810495602096,58.632214835348,8.218816638423014,59.74128136012757,41.28616318831204,1.0099903029177466
STU0931,50.3520092139142,79.04617217766344,4.160107840194273,62.7829730020732,47.51096112375494,1.0077645924186074
STU0677,46.092284322457395,51.19310902973784,6.992038339898086,56.10321784221481,22.29579528737378,0.0
STU0786,52.4587679722129,72.08622414603187,4.122171385779755,63.13027795589788,42.832363267229034,0.0
STU0224,87.77201285265781,73.86012015018666,7.9529384575131274,51.014958217079965,50.6624918827735,1.0080654975566543
STU0065,69.087823453413,67.07976016562681,1.781213399418389,49.90968002626212,44.34122820254276,0.0
STU0315,59.69823861582331,74.66008539451538,5.8812934187881645,56.21554948474175,45.62740791832855,0.9866983047887087
STU0771,67.10806244388286,42.869156087935885,8.200683621578499,43.26601026506333,41.50357882910589,0.012527408100695423
STU0549,30.79451260794108,81.49110244658976,6.964817762430116,71.10234617457515,39.934753969583554,0.0
STU0239,52.83749592881141,68.60140034532837,5.968748141646839,65.24422742088215,45.99798310656859,1.0401482402776765
STU0280,69.43023065002225,91.49362715618973,2.9614991058042834,63.07650750223761,62.75030216072717,1.030609342466795
STU0119,56.73472841155184,73.51839460587422,7.244501742206767,69.90162782121173,51.93082138263126,0.9607004619850078
STU0434,47.39677909502767,43.884491290442455,7.208782179671154,30.628739612636558,17.023603807943985,0.0
STU0023,74.4952921766824,55.58904717222128,4.28490373832565,55.23216774422013,25.542443273622798,0.0
STU0585,51.30411298219495,65.3075410207488,3.9795777092644524,66.46466562344563,50.25785397496959,0.0
STU0079,76.61313324853748,99.41075597559734,7.03795983068308,69.77262707717324,70.014118805991,1.0191665583365097
STU0737,45.66156585988033,58.87255115389703,7.805254650496764,52.056949862942524,53.42111438648216,0.0
STU0562,63.0977154276034,75.30763210368022,9.189646605337302,52.38815959137366,44.81608594625437,1.011524047556884
STU0987,77.19369027092857,53.69728783217769,0.850050602271934,51.86488757409835,46.10031162180742,0.0
STU0569,80.5823282694678,65.26972671386208,9.027835189606698,47.72460960416389,37.70982121141291,1.0199565099627257
STU0868,51.67333721930564,61.33673283661885,9.859100244592074,40.66576871452446,45.58784292481673,0.0
STU0551,50.15259023356053,40.946492338481825,8.924386220057004,36.36520820671666,30.174604584219455,0.00030435077319440336
STU0208,48.44496671672784,56.8810332511911,6.892490841152404,53.20270315911993,41.675681722115016,0.0
STU0730,64.13391155917189,67.66466571875436,5.921945431281818,77.16568382288317,50.34922518783757,0.9681999277802525
STU0688,32.120687533914854,77.12382277524277,6.930773642550136,52.656668675622925,48.278156239975026,0.0
STU0202,55.35663452275804,71.39068701881736,4.929599233431649,55.71315751006421,44.20278088043481,0.02420350737900643
STU0473,62.27941581166192,82.94613965699581,7.107004715095546,71.87208159364359,52.76581143767383,1.0099783682771013
STU0296,72.5312995617634,79.8464471280313,3.858129464407909,70.68142430870564,47.58772519681588,1.0262606065022541
STU0660,81.86099417956933,40.620635413935915,8.028318747420188,50.25740726453694,27.372820751048224,0.008119356175626782
STU0117,49.78186261587162,54.097481584754114,7.156392737950676,52.8655140629675,34.26650984701788,0.0035760432566818413
STU0822,60.94366626462707,86.29581458405009,3.934102728814301,65.82003561654123,64.39517545676743,0.9568343154635278
STU0400,56.767758059714225,68.39953925883185,4.907815216349421,53.4155050860837,54.887700575949474,0.9932384172986285
STU0041,35.4265185873016,47.23768576168602,4.97039935433898,49.705490041088,42.275511202982706,0.0
STU0761,38.10298436372792,91.21811193968585,3.151483286623948,64.26685669939465,58.890953554688316,1.0488451277615367
STU0928,65.58281624007455,85.47744921364752,8.02492450079664,68.62554086321214,63.059305983274285,1.0171800526316077
STU0639,77.83619662817874,81.57002801666411,4.931789126248647,75.53812408564787,63.8697607724587,1.0384152517263252
STU0064,51.665794802590334,71.06442195892018,5.062132456713718,86.26380380488857,46.85080155077261,1.0149437806652792
STU0839,54.28150730294702,70.67417172822552,4.85845954931401,50.64013605819428,45.46406441152134,0.0
STU0462,43.60202075019734,73.87731162979621,5.087490355620869,34.890926955531505,50.69379964310989,0.002929151716234117
STU0701,90.24863459265038,75.2027620890835,10.052467453836336,51.5153309718821,52.900812352144285,1.0059077014268738
STU0498,61.52952003198648,37.81247221153405,5.960475678125415,54.65601630645618,26.19714663308651,0.0
STU0299,31.87631099103275,52.09514356631667,2.8923209134087493,48.18857376514601,25.97306554659313,0.0
STU0734,55.747569890594825,89.10646692387485,6.886145231667219,67.2235967400764,56.5355778881411,0.9948539869679667
STU0514,58.609847259477895,67.95288681331596,10.068673524375832,72.73024341435416,57.33484529858647,1.0401548393900062
STU0394,62.81942690646397,53.33891336224864,4.157807940691957,40.41858963647993,35.14634322609879,0.0
STU0299,32.25963462156182,51.78759953075271,2.9181661361250604,47.94342733718511,26.96864484818062,0.030156232524861964
STU0553,81.3603091138283,77.87374860134346,4.058859405484082,51.04649965398607,68.71539684627777,0.9765717503993327
STU0655,27.58831383038856,66.06291246546606,5.732014108192088,30.20271140079985,36.126086522579484,0.0
STU0819,55.17384162724294,65.54954473742042,4.924931827657014,44.854296809495736,37.309111570060495,0.029509094095768625
STU0097,92.20297892345384,78.67995445402141,3.9960118600526857,67.81837519248536,38.49189152261442,1.0183039900379223
STU0838,49.01692775435691,87.57126800671628,5.883191583247429,65.42130819943777,49.45109934694915,1.031374174623514
STU0971,77.78698836480103,38.73140502347431,9.879747366088298,35.98320764328391,21.73915665127627,0.020024701645340343
STU0829,62.515544373385765,73.44262213568533,5.914253386095943,45.70986590487421,50.78256010438986,1.051514526375108
STU0015,55.531157381647965,56.833286526631426,10.037519173533642,46.82052272797001,48.378586242031496,0.013973087203358221
STU0482,51.22210414248741,75.26572921751465,4.975945910804375,52.01091962962337,46.63473977422309,0.0
STU0022,41.41571224534417,83.7794205452056,9.712598644967862,73.80300043235842,35.58491891995339,1.008576222916938
STU0339,15.725846512548333,92.37772417210223,3.727690290257117,69.2038691700457,49.08130454184699,0.03109783656283913
STU0880,70.20711634701497,71.30222208368453,5.922075131540867,65.54185701129894,47.86414718883794,0.980508654430136
STU0564,66.15161837454662,78.3803069250026,10.058769506498404,58.77390874273114,58.726400949540285,0.9836969618829962
STU0076,58.96493168467733,57.36600546556043,9.647205077384449,74.58851864930257,40.548547511184935,0.9922732395848071
STU0785,47.666223373229734,72.94601964877391,9.935831862392934,49.92777448132836,32.335248245709636,0.0
STU0888,74.28962304192098,54.71831229524462,6.932426844557439,37.88480323061372,47.12287650921666,0.0034531937142159136
STU0266,87.67076235273053,74.9057846578318,14.178270302352395,52.407605843129296,44.42527047936557,0.9528299329393327
STU0313,80.7314561116166,45.948592329769674,6.950561055195882,54.644535820801494,25.16995207666027,0.001326956821123463
STU0667,73.10395693595221,90.3104571058989,8.04917791850014,70.06094656397121,48.96711612720424,1.0216399738460626
STU0788,63.5058597760323,68.88138948366557,4.018138203445938,70.74473666447871,34.84774306729634,0.9880738283760261
STU0599,80.53671344714104,73.72237859049133,0.7264233989027997,58.67063734627248,51.54590022809302,1.0419428790302097
STU0488,54.249072485781596,71.88333852331243,5.098642084748968,51.39999467107392,41.713079033540374,0.0
STU0709,83.40020077546163,70.24992581539709,5.027658110840211,61.689193445766726,55.00193895919189,1.02979215899827
STU0328,48.29320181201046,56.09209963457276,7.065264523873977,48.409224947156275,36.874537024672016,0.016884457650819393
STU0344,42.055601176477545,69.96360675436648,7.504150786660136,52.3650118955204,45.01924124507094,0.0
STU0537,42.561902168298815,54.17961393438763,1.7323882921774334,42.2285796273342,31.869243724713872,0.06779407397043496
STU0888,73.71088909178226,56.425225045782945,7.2214606546368225,38.223171684477606,46.018645997731674,0.0
STU0194,61.714522572366334,77.70546012571056,6.96309013771845,60.749396206940396,52.70205481190251,0.9780550605676908
STU0696,67.00252052748634,53.68503806961383,2.036894631455326,43.21073560401907,41.738278081989385,0.0
STU0869,78.61818209018199,91.71579749433133,7.994155974246369,74.17452619416636,63.28592650910895,0.9944975838088237
STU0452,65.53796224828271,83.68182644434997,11.945525692226473,70.69862978305642,49.960122104039044,0.9968136900191196
STU0868,52.006887778589146,61.228314953340366,9.926830278623866,40.99550000578172,46.582222076286634,0.002567055182687749
STU0592,69.57042969137783,43.16780719751353,7.042310756676345,35.44763386685326,32.89665253374551,0.0
STU0651,50.87735162070062,49.91940999456092,8.8051864482318,25.962384063783116,52.21054047526912,0.01583628958091312
STU0411,97.13736085536502,76.5854816604661,7.0963785450729295,50.30403902890857,62.53858269262078,0.990305791347569
STU0935,57.28822813431978,53.15252908552687,5.946558320632885,33.1349028628342,30.897524834178196,0.0
STU0792,78.1544045148504,54.15077998966279,4.854892803529511,48.34416549689316,39.85494495293577,0.0
STU0269,76.64778921607517,69.79744889221371,6.942215842919075,61.71588454318372,59.8430301689169,0.9407919091415575
STU0763,46.72415666446949,59.690134101871415,11.161424960488628,43.46077698962524,35.01815622057126,0.008847426131782526
STU0236,70.3329519398748,85.21810332644323,6.931259993554754,60.85570575851301,65.66803559533643,0.9755087458039352
STU0513,46.506549929174085,70.02415548868444,7.046027440800465,65.94836902222886,42.108019001579905,0.004085468229337121
STU0499,57.62327032223872,61.63419184907436,8.906141143514564,51.226680090155504,39.57294365276269,0.032863613639629
STU0902,55.88860275121979,83.9070802216334,5.097321386384606,58.95219917749628,66.73973404309625,0.9762728071070838
STU0959,27.029867261129024,58.93627212869535,7.088023011242072,58.77280725849853,47.19781948000084,0.026540887044296458
STU0034,60.54670211032086,56.980885580526945,8.237371669067683,50.75292952087944,40.91497068319659,0.0
STU0376,73.30929934065504,69.30347555057389,6.977456611685153,42.74662019560256,40.75868657282633,1.0438455319674698
STU0414,70.87636827734356,71.90991639897268,7.085859000658611,54.14361907511205,50.11550190896809,0.9908679226312306
STU0748,70.6107641937589,89.51445910216357,3.0125924182133277,56.319528505775764,46.556895641855235,0.9789801669380668
STU0608,78.74504358846464,65.84483333895466,8.166397153480016,44.17496902335339,47.718415972254945,1.0171871006066067
STU0655,28.31962443699534,66.94345666503837,5.907697918265203,30.97848330206936,36.24048939234382,0.0
STU0979,32.255696598032884,59.43826089829731,7.095662831095872,30.41784046634896,33.63067905541392,0.0
STU0990,54.120694745234516,87.28282525910943,8.974999782912553,47.28714940912993,59.8165567428469,0.9880497350182195
STU0218,77.55013950609255,81.08653362076136,5.991757880596358,83.55606844195822,34.93666392416445,0.9988844382093288
STU0317,52.519042960757176,75.97813120610161,8.011781529971259,58.30812293116977,42.63271248063454,1.0335664934559836
STU0003,65.62733804266591,76.50749468423467,5.032389071623837,59.20053367949348,74.50939213706856,0.9516305284663586
STU0108,67.63392486626678,75.5646488944275,6.985075543585496,52.86488971551778,49.08096561389547,1.0005772226615368
STU0143,56.35914067096014,83.65283625896012,8.027570368453308,84.7118555757902,57.902709688100266,1.015628172353528
STU0166,60.16813617510123,65.53233404750588,12.202639147104692,77.314816844329,34.974998302487045,1.0048379425200618
STU0792,77.55470335633267,52.80244602831858,5.126537227586211,47.68716127323655,39.66101569479642,0.03275833072959608
STU0563,11.78852311593192,82.16155122584543,10.111604289984342,46.654846939226616,47.65002287447998,0.0
STU0488,54.930640196425315,71.10082614307515,4.941506187966349,51.5914396051422,41.5537597963716,0.0
STU0190,49.20045054133163,72.49000204800639,8.885816525487822,72.95736514487427,42.304637857095244,1.0148135301668997
STU0412,70.39886656902665,57.63408433747179,5.122665911730946,57.595565459674035,47.13486823783944,0.0024837325795915048
STU0897,46.46681961627437,58.017158424117504,4.112489286851116,47.77412392872786,47.843089936086756,0.0
STU0885,85.75083210045256,58.95372411169574,9.189099116045385,48.80589338043598,48.434810661498304,1.012908211888856
STU0645,60.5772553571017,52.0137495346898,3.9224455240673017,45.7674083261495,35.66981604387646,0.0
STU0439,49.57515422632988,88.04383835577165,5.970524674299016,52.04163270359336,66.31947937489547,0.9847151113355582
STU0527,77.31951142721331,62.599760283244656,5.789481103271189,53.88426553190563,53.18324662257335,0.9867954326965367
STU0772,79.5413679193087,81.64353586783237,3.9496045243165994,66.58609656766049,54.774614290734235,1.03383881645461
STU0182,36.62117585551542,72.62212016189207,11.12796520344331,62.215411398190135,38.37678302186681,0.0
STU0999,65.03609618164715,85.76165113514534,2.9400993954019454,67.33120402566844,46.91206844432157,1.0098935048948676
STU0696,65.78826911142673,54.37952565188815,2.082241172525313,44.7990573309602,41.41127086245885,0.0008571015173719489
STU0289,54.443298536562025,72.89296800761389,6.975538340281193,61.3840469490066,36.48090595265418,0.0
STU0320,76.35985209926159,45.4286683153695,6.04161072709195,37.82106831105075,25.293433444595596,0.007745936378427047
STU0344,44.04147951424965,68.96462063352075,6.852630034073049,53.26582800224438,44.93245454609471,0.011898049858384475
STU0604,58.02598483673887,89.77122545437997,7.010941367863027,57.322548853702116,54.978090122109165,1.0147462482419498
STU0305,59.0021284393643,60.136111536679024,0.0,45.07313443823248,48.141664592283725,0.0
STU0949,84.06162873112041,61.25781714056404,5.976001492470346,65.99504231839147,61.04012145894373,1.0341719417413804
STU0785,48.37266667937206,73.13729031853552,9.790638155428091,49.485041135790674,32.620999141627145,0.0
STU0246,67.24154720811175,76.8149175048936,3.1548564120883924,42.49001777646817,39.285018326108016,0.017170327023918432
STU0687,46.10641446837061,66.93764796486492,5.099823433463824,51.817522288569535,49.9092926784741,0.018533464794029945
STU0353,73.24855537471564,59.149466084513016,3.0599231529675275,61.845663790507636,37.157856675101236,0.0
STU0816,52.45541567597081,82.65267352776048,3.195305670026121,57.0605641934978,48.30146544102711,1.0165173989336185
STU0845,79.66920655277815,92.43282864270797,11.878153834225472,73.18423985510466,66.1519209096177,0.990359225228279
STU0868,51.67819529157863,61.99872282227484,10.22437116564949,41.974845598431756,45.97463616077866,0.0
STU0995,84.63017537761831,56.403668965416614,7.119698588210642,49.931565637814586,35.84488886394084,0.029203979994213754
STU0453,56.53907926950607,66.33807526199213,10.969624983748552,57.85220369531559,26.667040367975307,0.0
STU0060,78.76635729740555,89.17998444695493,5.145819951148357,50.98273853167462,71.21368108034423,0.9786300299360152
STU0779,56.75068571125953,64.3438174514882,5.85794575207583,55.954185174111124,41.370991747467826,0.0
STU0759,59.64794744026266,63.73611502518175,8.894127789953936,61.048139227657664,40.56624653153011,1.0068083501211607
STU0492,46.23613322801872,79.52444412288781,4.921853690309786,59.31214026159993,42.27520256652398,0.0
STU0516,59.78471434017093,63.734671162461,5.932076316416357,71.72028911695011,37.6082799101144,0.013706569195419118
STU0955,62.84415143335848,87.80447367301143,6.864332114717314,74.21277659986814,54.78450071600275,0.9665007996994842
STU0827,81.59205342787581,28.49881864635135,8.15705067714468,44.63425567505241,29.439181872884085,0.0
STU0552,92.68508212429332,52.08718667873587,6.966761653436582,54.59574806007124,37.363987657993356,0.9970990369486525
STU0362,83.68706719211828,69.75353215744377,6.045263601031439,57.06539882474846,43.97580992353418,1.0474641368220352
STU0192,80.23760951696906,73.7052695446016,9.926763708275033,59.59877974394496,54.69588824003512,0.9971536698115692
STU0358,79.92296764985838,78.56462062994807,3.7662243972995015,60.690297093190196,57.59320747477413,1.0271402512699248
STU0640,97.12336164031953,68.23620901819896,6.03467686876248,58.61938462069775,59.13384623771448,1.0009642236467118
STU0405,62.83327320046642,81.76613203317812,7.75445581183935,54.60038899575082,63.452471405883315,0.9879042133685733
STU0167,53.10846048007604,74.92493297412847,6.991187006260743,80.25357080433804,41.7593337090322,0.993829685319669
STU0130,41.45180776043008,56.47076090914287,4.824300728889747,57.53711981804226,34.205088034681175,0.0
STU0652,55.17173023883946,72.99846095771738,4.255177305408844,53.88842807026601,41.87845339464752,0.01509653605717218
STU0179,32.98471785928075,86.54309726888935,6.117024048891361,52.42627856300071,56.26003030869333,1.0343775615832091
STU0544,60.12159828381408,91.25683931918962,9.013579375740395,73.94435818764107,54.61079228710872,1.008995234349735
STU0484,67.93149946132891,56.55044902614718,7.162266974972724,66.7456322033094,43.109554425154094,1.029687546557758
STU0434,50.41557128973881,43.59687526659852,6.891328315373532,32.01337178428813,17.38349208574392,0.0
STU0041,35.465925524698186,46.51264496481346,5.06978577884903,49.051113629594376,42.316113996203846,0.0
STU0623,67.09584066019242,82.24347874274999,8.025656772430528,56.44002163022896,35.83530170279787,0.981885966191375
STU0339,15.963368504979785,92.75033462297354,4.033901648766768,70.17105504584096,48.5896023631543,0.007863923817796907
STU0503,54.73189108282449,55.24641180170224,10.163377275129587,39.40210134817364,42.80214091359959,0.0
STU0559,62.82285423194448,68.7398948811048,7.0940560652334925,38.39356364367994,46.412456132502086,0.01825084274835199
STU0431,33.70672042910794,73.85008102981907,8.037073726204099,35.59469197411418,60.578278491879175,0.0
STU0627,63.132359404120876,95.24865513581861,5.7875032371471615,82.02797206408893,69.77377458705524,1.0010761587440977
STU0993,53.65149433541954,66.73039646790565,6.876724709203966,53.6356737261132,49.82632410804591,0.017177583722536475
STU0130,41.938552762495775,56.39465590879064,4.98424348956226,57.77230378810351,33.76094867758965,0.0
STU0572,48.15558681516592,80.73149660222931,5.011989532846351,58.18977230526551,50.99217532831669,1.053059735974081
STU0328,47.89105733027675,54.55221223959609,6.85487554766577,47.79451169318619,34.96548347877418,0.0
STU0346,74.21020058903243,73.68597833901383,7.309672715732318,63.999178850995655,42.41223353313707,0.949355911752715
STU0680,48.09508197789275,73.32329863293279,4.194713441468306,63.00837313282433,42.46265302566109,0.003953759773724837
STU0837,79.32743783365736,55.071637145202175,5.077315345525495,55.22514364057205,37.076300531794125,0.0008363854617822356
STU0162,39.98935419202881,69.26368691835954,3.0092499341609376,26.787953947844716,49.29420759317175,0.0
STU0203,66.09821227201054,93.40739830608166,6.972751186476402,78.49128755110931,59.99700678832155,1.0247886324876705
STU0962,64.5331690448153,82.35451044153263,7.877768368514776,67.35658209284368,53.94276183297057,1.0186928014787735
STU0597,79.900792120805,67.18385303167143,10.009948930065566,47.97332362438181,46.17137781356742,1.0074495658100837
STU0789,80.18827650135006,47.00234112857149,8.033096861574018,50.09806427687082,43.410350236817294,0.0112579122498482
STU0733,43.32596143758949,67.48700937141345,3.8405510267637797,46.09124963744752,32.22747991184565,0.0
STU0002,35.25148242371656,75.36351224458946,9.042910112997259,57.37588847740936,53.04160329259198,0.044403132325390234
STU0833,54.959105365325236,62.226926416525096,1.9800638734957932,40.85634244458051,49.09153197693097,0.0
STU0760,62.626443326320036,52.26114955325292,9.755026885019388,63.492391576128696,44.90297685726694,0.003492539413720383
STU0117,49.365983202704605,54.62342731685045,6.8895217731458285,53.351179378190494,34.61848817190861,0.0016261966679923647
STU0345,60.317899512246086,76.92023715055474,6.946890746146195,49.11045889124064,48.98338201194065,1.0203392754761818
STU0238,70.19203020448849,83.2406660728153,7.242389607704237,60.29200957807319,62.51408420860974,0.9788961146160627
STU0013,64.36152689088516,76.68630180593449,8.071464520625403,46.937461883363945,50.58983989553082,0.9563926080894698
STU0483,86.85054511135309,65.41050445211573,11.82851672925251,58.230765035815054,46.41548807522968,1.0039219763585125
STU0506,55.905520488395645,63.50971408175313,7.062409766289388,58.37322798491568,33.73800885964066,0.007033274637975328
STU0882,41.81441553654913,86.75575460869021,1.801317550909651,84.04692702496521,49.85071254453547,1.0372532923601594
STU0413,31.81553147240716,53.579944576901596,9.13902356080791,29.213454478807034,45.07214881688468,0.0
STU0853,36.98753001205505,62.056014707094775,7.939504971021087,48.64773678029579,44.492668137939305,0.02887765946007068
STU0186,43.35492139239473,66.87037411407822,7.987976591907484,61.40269644029415,27.46900777209372,0.05920650805940224
STU0916,44.45434562049284,69.39420152496002,9.17023967288431,44.39460687514687,42.02599360266345,0.0
STU0395,65.0737623147478,79.21386568544817,3.834721029600875,59.326637581436195,37.680874367796854,0.9677149120643873
STU0624,58.88611988891481,51.95941954265141,10.82060224450312,41.342382912457076,26.545290291315823,0.0
STU0308,74.29116161855667,47.632719870165076,6.925062596442049,50.92616561235494,38.49563767737075,0.0003502492956639928
STU0124,38.04126671124889,71.1149570557927,12.133333627185756,56.74285839386552,37.58767773282274,0.014099733393781058
STU0935,54.93647842083016,52.89413672793064,5.804907502695275,33.65186674314806,29.910231295576736,0.0
STU0783,29.24054691149979,54.57146833899816,11.636335448974297,15.070236220781691,41.6672401065528,0.0388938564980804
STU0195,78.06072252245013,55.61294271842066,10.942068690083964,58.506684057524296,42.140063291401496,0.9721267356092492
STU0557,14.902413192522447,81.39628726933275,6.070846591344073,60.854475706928326,56.093581262944646,0.0
STU0935,57.66718874199561,52.7736058001693,6.154120292904562,34.29373670794343,30.37861388634716,0.027677647246986486
STU0909,44.458506196277675,71.07537284576507,8.940527501770168,36.860635400789256,26.46827136780097,0.0
STU0164,88.80695955595452,60.68733677089149,8.947170532418244,49.21750173197975,56.22458614710398,0.9948949322139925
STU0805,77.61364113088962,75.27582412113632,9.148167280332796,52.688127947715024,44.6607292058835,1.0779698795901147
STU0581,63.602602109640046,79.07731333999087,13.759914753198096,55.038111233441406,46.910496942550246,0.9996988035866383
STU0026,48.443117167602296,75.22184085782692,5.950111768800645,47.51355532531691,49.075644785415,0.0
STU0848,79.9768521566516,68.6593196192466,10.024451487933913,66.87303823992097,61.09981594222217,0.99856455065327
STU0009,79.0367937656601,74.23243482466273,7.057682185504726,54.260717354343846,51.218976157464816,0.9987295264629087
STU0278,42.2673530421339,46.604094120649464,6.934537981489136,41.909389469736745,38.86864997747966,0.004017683652167921
STU0751,30.79106699136369,91.7241525666119,6.004422417704462,67.12020320324652,44.96193619235115,1.0165624907859299
STU0660,80.67403071212814,39.24499088522667,7.680484910367349,49.8578253099722,26.619473453902117,0.0
STU0763,46.98144576832224,58.18001736531672,10.915477238081667,42.43745206178227,33.903966533183564,0.0422037768508957
STU0470,65.51030579669346,78.99180605039166,5.058233044274613,66.98136268061495,39.89101055019211,1.0061300468028316
STU0959,26.623695176858792,59.65929297564268,6.873867975622253,58.68457937034454,47.432969090899455,0.018176343871047405
STU0486,68.40620113580836,71.12245504647103,5.007573902534272,58.06948650401085,54.28174389470786,0.9842906535229947
STU0196,49.560666659226264,74.21769965180687,5.0573809177287306,70.98325051190557,39.04813263593977,0.0321710451363235
STU0850,51.81887228724213,67.7893386871381,5.956014774958954,44.70000544382347,59.06856488782044,0.0
STU0694,38.384908630408084,56.225264722939976,10.021888497505918,56.83206134557957,23.477356999361422,0.006941292313149907
STU0087,54.804686114062186,78.3102776270454,6.8763797771755115,49.01262431355157,66.15228541410404,0.9766640123002046
STU0434,49.88393060187039,42.14629178452079,6.973469961072182,31.119831031300357,17.253597563802455,0.0
STU0996,56.72905880855286,71.8757383775657,4.078355154459146,78.13366087391921,49.12781645784173,1.0172112806453173
STU0118,43.48852190096216,59.297694422606774,4.020156202368205,38.51931636694542,29.20946567137123,0.0
STU0721,49.516633593076975,81.67824713443338,3.9246861186049227,75.25981587222668,52.12553972516866,0.9786467953055588
STU0104,71.27571305692678,62.393961925969045,3.028790634968434,64.21419088095635,52.747519957847935,0.9839146706626299
STU0216,45.5984035611292,75.54963147954808,5.091759876768004,58.857658997576735,64.90801101713603,1.0174800707905596
STU0634,55.934151975562706,92.15832411358346,9.736776123741127,68.94879744708062,61.81904154113603,0.9842684340498519
STU0516,58.3399368822376,65.18838921650097,6.1488315648048895,71.05104970485299,39.765937130166606,0.0
STU0676,20.722166072785544,74.190550738171,5.956823018956198,56.47788411932809,44.58108745678998,0.00037582800544227004
STU0139,54.83144759199022,43.66159162768418,9.05463527697454,44.69858969958797,18.231332581090694,0.0
STU0162,40.15818414488012,70.66275989338415,3.1537331724446265,27.46733812575027,48.81788684851168,0.0
STU0421,51.054817193584086,87.14665938806526,3.8238694584471737,67.23316934129822,44.32421730979958,1.008409951321773
STU0715,100.0,70.88171017620922,9.90890382442294,37.18165858407785,58.4604342579029,0.9815676818244551
STU0908,72.36693093825241,60.72631553103783,7.962948740526581,61.10623066768366,39.888024961600905,1.0264275628833595
STU0543,76.41315898091159,45.120504163869974,6.899361683177055,41.5918652350688,40.71979111439064,0.02417881443970213
STU0800,80.85620047206469,71.919954832194,6.2227755181709234,35.17459934557043,52.21732170723281,1.0179856412496426
STU0703,50.59172148120008,78.96804115513315,4.889985691802831,69.16731680606772,49.9573338388229,1.0455105513546517
STU0341,80.21051353018815,88.67946993920792,9.928664699682937,46.14945521434448,62.422523222613506,0.9979220245397562
STU0825,60.36410511255193,69.73620613935347,9.026244689897004,46.47745706660074,51.8640110279843,1.016227844841777
STU0144,63.9125339788173,74.63592476031359,0.8456373061007383,51.32090441044392,49.923850226702385,0.9853847549222866
STU0622,48.39512139811014,88.17072013325811,5.949192393071069,67.90365658089382,53.86142863287686,1.0613311557187266
STU0493,50.810180760415804,62.68589262002604,5.040762766636553,58.27878744724451,38.25639569703712,0.04960856181934918
STU0941,69.41735308241677,67.90327626992143,6.957258870383126,66.85169849662547,48.447907931275104,1.000297116995113
STU0859,53.38327654284511,72.4111683444671,12.988008607247354,59.46857641071336,43.965179139057454,1.0096681092606032
STU0810,74.83398523092204,97.58502285188007,3.9320308089197336,66.24386063955441,68.02970404376066,1.0339945830754436
STU0499,57.34661730176395,62.94281782825375,8.805533578240754,50.60388268808337,38.78716251079261,0.0
STU0687,44.69640410929332,67.05513979056101,5.041294359283304,51.119861326484575,50.25888137025993,0.0
STU0537,43.74377840076773,52.19062970046788,2.2253431795931418,43.332617817882515,31.727242635106993,0.02185755143801735
STU0694,36.9551182716202,55.62198528012741,10.002362871870975,57.23204444561021,22.294839134206544,0.0019616818779144
STU0766,50.76080475016323,63.93625483738824,12.028925167146777,64.5422636161275,44.2392697212659,1.0045764959959598
STU0496,72.25563288071758,63.965280444167384,3.088949459518723,56.964480335213715,54.06661793078478,0.9791357635791906
STU0862,54.42472729412334,64.22473625316601,5.837010895362583,25.22728478751165,45.26916306767743,0.0
STU0180,65.92005856100124,59.0716287940949,6.2186123633801875,62.28396710512095,31.34500000550107,0.005905669791531894
STU0853,34.60875463914799,61.96542626007698,8.025980144226454,48.8904393397821,44.81893387702024,0.022632135386741966
STU0180,67.1990505820673,58.71059597743148,6.209539513627481,61.85537367418958,30.727297768126807,0.0
STU0855,82.35190934960038,48.0197094486807,3.9058744811259305,41.580139625269766,49.25166455102427,0.03592357012730832
STU0011,75.97870521629821,89.8105485118787,10.233449275613602,71.77789734107571,60.53897747273376,0.9823958035284681
STU0342,43.926057399406744,54.76093848457778,1.0995342822623622,52.44275385201723,41.23692761566745,0.0
STU0021,82.17914104249891,65.6185872645868,6.071013426894655,53.1384264209586,46.00020042716732,0.9983186417277317
STU0318,64.9317361215243,86.64872610708349,6.030050043217312,56.66189528356638,52.65876724279846,0.9979344477872202
STU0937,71.40921122493377,71.55952288037004,2.9680875413874226,58.310726242808826,51.71736211582855,1.0192560966892759
STU0582,82.73039987519782,52.682353391415866,3.154154950689259,56.59777839013606,33.40310592516862,0.0
STU0107,87.90561832061368,69.16427712091331,6.018022988950314,50.395621943876776,53.18867565577538,1.0342145775952025
STU0304,68.7527450170738,73.94275309008128,7.747417295480332,63.77023641806392,67.4011252621383,1.0491904952349886
STU0461,58.86521997915754,89.6807763568624,4.856547036723648,64.00068686166863,56.141693867617086,0.9990210496382069
STU0836,46.0465512061992,76.6938319703465,6.97613637044649,54.67034045749559,47.03367257336164,0.031253924614488886
STU0086,70.23348524568239,75.68178224495931,6.039805595817735,55.80584484152631,51.37313878821465,0.9735781351684015
STU0808,67.64575439581738,52.478080656918394,3.992733722884882,50.243793874657456,20.49294512379818,0.02689014386790326
STU0468,48.65033435046467,59.86071831700799,8.156522637837941,58.46509705490351,42.81950601485136,0.02619126590848348
STU0771,67.36852191874078,42.494087180088925,7.749467655003001,44.13062125414454,40.16907418784385,0.021593645398598562
STU0777,16.58925637630658,75.10175740542631,1.0184374906861378,51.13076823170101,38.00636036000155,0.0
STU0534,80.80592726718976,62.61124755182695,2.766561343163652,50.12914499334178,39.96429223499858,0.0
STU0027,31.093967672053967,76.09139633658013,5.097551289565542,78.32509234479315,40.89497273053844,0.0
STU0342,43.22873914852196,54.53618965588817,0.9878709750266077,52.368484159321994,41.3576685414402,0.0
STU0559,64.52142652710846,68.52535046967849,7.053880257208983,38.514220612716,45.32075804470514,0.0
STU0888,73.79576064569909,55.722124449213254,6.889072616910165,38.646455907463846,46.67894432110204,0.003057167154130904
STU0836,43.54715940957246,78.71996206572909,7.1642904225441795,55.662033796435104,48.405743901573686,0.0
STU0320,76.92564682403,45.16996097186863,6.13376324821281,37.73340595843426,25.402678795903395,0.0
STU0545,56.50178959722917,59.91958523828632,3.0749303382554265,66.67402950287412,55.79702682487127,0.0
STU0061,52.14893202843879,65.48394951345054,4.9833692642233,67.95267998965537,38.40072417429105,0.0
STU0792,78.55687222961535,53.646696502579424,5.074456904647653,47.2279716745595,40.292707891855024,0.028047499049577172
STU0183,51.956799312017246,82.36784775739704,3.9092310575972498,72.53439144335356,36.16123634448294,0.9834684684612224
STU0057,48.38455054776449,64.10788540339966,6.109858111193762,74.21622623459788,49.43763017736286,0.0
STU0187,48.44094026885886,62.44245706938218,8.211802532763373,45.48231640594921,39.96610964212351,0.0
STU0465,61.98983907338871,77.40110928553315,6.1374723581140636,71.389331336649,47.80522982362043,1.0084778661954645
STU0603,96.80151368479599,72.76630988644183,6.906314979732481,65.3759485637253,54.81662653887339,1.0114103130529766
STU0596,60.32376964520635,79.6632250520603,3.046407996265008,63.349864019666896,49.88583219906033,0.9238563875137716
STU0866,64.85002463013804,65.58705434821701,5.833953424297236,41.890126358768576,42.34276924941563,0.025550006978229373
STU0836,43.636787503458066,78.69458835702318,7.073498103587259,54.84392406164851,46.24938509604556,0.0359220324451602
STU0970,45.223877672341196,52.42381144479311,5.057859987614602,55.791171319148724,40.72263184442996,0.0
STU0927,70.62117167182382,84.02672773658925,2.75990516902739,59.75970629820674,37.08241474706411,0.9756838579938699
STU0790,44.35747289686389,75.82940728499138,8.850820484486386,51.062141737259736,45.97918047790498,0.0
STU0506,56.421807952041185,63.351773463554615,6.963643388862205,59.052999391479325,34.96213848373959,0.0
STU0090,56.42003555748435,68.83814778123794,7.961367932984096,63.34861170567054,48.49424182414923,1.0056001722674708
STU0453,56.839504721907595,67.41067471135078,10.844696425934911,57.49782541753537,27.074154637062755,0.0
STU0795,83.09462451153694,68.98213104381588,9.049947035065015,54.69689725135206,47.31031505766954,0.972041822952166
STU0791,60.56857674766738,61.62116932520758,4.032290611840386,38.101029460363,58.63675401696665,0.03849368020313364
STU0059,54.43315005655969,86.54572869521695,4.975054761572332,63.69810064302035,57.98043649269259,0.9767862086955476
STU0681,39.29558604527732,68.47379121162855,7.902952162389136,64.14937797051542,38.75580661551114,0.03109681494183334
STU0773,70.30670738609273,84.6910186229057,4.134659835264759,73.04186274494737,55.57655005488778,1.0088866292528669
STU0071,62.04489559558093,91.48701062425361,8.212563492255734,52.439710808997,51.08329574461929,0.9547521443000931
STU0857,25.65578761913791,72.79342832136788,11.937908012528093,48.237376546600274,39.41129653326487,0.01588890550319856
STU0660,81.84638379575136,38.76134041102042,7.92139435868975,51.512571988644844,26.839041978305225,0.0
STU0282,73.2063286148113,75.08009657915964,4.063073799766372,49.65766202573032,56.56557481202985,0.9886092547437405
STU0237,61.44060195760715,86.31988039103865,4.954027033780714,69.72249248824939,51.15526017905158,1.006126115618571
STU0121,56.35023271971473,68.38212973762138,9.982100623134105,52.023879896382034,34.33263753441376,0.011870077209749716
STU0310,88.16611666595364,88.72569694460464,10.09497558379778,61.20311358593905,63.30485279109569,1.0176961167200334
STU0704,65.63428564469416,78.04171823734177,3.7548280451911724,64.15573532638543,58.13117821801551,1.0294668469425428
STU0394,64.09018229810368,53.57509512893216,4.169277360115215,40.32265423853852,34.501998795711565,0.010207043843452161
STU0254,54.57199979881342,61.7086720103387,3.0093325840805414,46.44922480553403,47.79194033281805,0.0
STU0905,91.75573719215875,62.344495365085145,7.94716198863961,51.210708089937825,46.922619136423066,0.9881546323145468
STU0402,24.94916840010058,66.61478650280327,5.9885418376544175,59.01736426621329,27.77635280324652,0.07360249968445987
STU0895,52.90642764576205,86.23300565815214,5.995175719954326,81.00774657595012,47.100549741739094,1.0181187486471481
STU0638,81.72704498035283,53.56738067935348,7.777704111605866,34.63023004804208,38.92681335422856,0.05925334821062538
STU0135,92.83108755032914,83.98298658400968,5.191958393691587,51.38092769276796,54.10258124157864,1.0348983179664208
STU0886,75.59244000263914,86.82982122693699,11.005306441325319,78.33025218462994,58.25378796377801,1.0060472118932289
STU0339,15.279935799528658,91.569683018793,4.056883940621078,69.71052038591117,49.51385688060622,0.007537869321617457
STU0381,59.75989293706015,69.3352921648524,8.122184289706851,66.0055670631735,57.1873583245593,0.9990851722205074
STU0074,79.535751823469,83.32611632735498,6.868877053612197,67.10420976184645,65.89746124704772,0.956539360174042
STU0767,68.08521525748128,72.37753241982693,9.060796428593402,51.89316781948868,52.027035698790115,1.0004513425342627
STU0771,66.62141650492093,43.42159715473282,7.965633393439727,44.0640349599593,42.65185146308427,0.030277679202077197
STU0115,75.5527910882935,89.69212641968005,7.108730083190426,60.21721160027086,59.08083722667896,0.9850036433310604
STU0023,75.88552799325021,55.160295638884286,3.72685215273208,55.51723332553088,26.15583593699375,0.010302505099934642
STU0178,66.68665951676827,63.525521557616464,4.98727573999448,60.94468738219901,36.05061272133283,0.021297383714536232
STU0560,64.32163652367841,70.21501608722704,3.9225944706989453,64.9236537959268,38.89742817655007,0.9772498625166669
STU0630,58.71339241467636,71.51738393144741,5.055504970126743,63.41453641609967,51.7720861026891,0.9887133967416072
STU0063,75.11523546158345,69.98489782041433,7.060356291326485,60.048607890640746,54.32017290102,0.9745431193708836
STU0593,57.56924870300251,64.89370655692477,4.9091368943477915,59.84177469286608,40.12816088515908,0.0
STU0946,82.67517537007144,86.11562288035759,8.90855290975517,68.69674230062863,52.30361939152775,0.9677983652704321
STU0025,75.50457543126392,68.35319463239244,4.985789950383608,42.75791225060184,34.45989874827098,0.0
STU0959,27.011217683555156,59.64050350131105,6.8848661446267965,58.876096095477656,46.154851694142145,0.035499072524913834
STU0960,81.51498071519386,88.93337552035831,6.108115395489512,64.88734336787945,51.17540568394542,0.977104895989213
STU0309,58.754871777314875,68.58049946559042,8.952591739353673,61.65639969627128,50.89401340222772,1.0031626101819229
STU0515,76.44855296775225,74.29496610280383,11.626726523669149,66.90579847173125,58.5944308622512,0.9874237888519037
STU0326,51.878543129139345,77.78041131086535,6.951870760551844,73.12011576490667,54.51691937133751,1.0294821796567137
STU0840,56.183181205515865,92.60219157772998,10.866645189770045,58.283994702724215,49.183068902914606,1.0327907704965489
STU0441,57.28331767961092,83.11263591344013,1.7905351007464203,54.405881097960766,57.08371740350658,1.0216094685994779
STU0714,76.64362614507023,82.70068269415445,2.8411075284434677,68.62725773529515,52.3320251525564,1.0076560986369567
STU0915,60.93469724200993,87.90920048823739,1.0140486570773475,63.958713807769236,39.99264160742653,0.9942214474415448
STU0559,64.0554268932228,70.44769666421624,7.170604881526162,38.46843627895522,45.913988238533975,0.0
STU0762,40.498359532998194,70.39446260899676,4.040214630563487,48.139804086725015,31.883766880095745,0.04860558426624639
STU0874,90.48933355029428,92.78568786023253,11.922121587345629,59.08982796155039,81.75145140748167,0.9810013881255805
STU0409,48.48562362946123,72.43225205107534,5.058540637582941,72.86617765455047,48.73218462213425,1.0165970872658534
STU0037,47.113807604843146,73.43901856826221,10.941050247501437,62.990578551278595,48.7092591483929,1.0264986047935771
STU0957,37.75529201880971,73.08900460792238,3.910809444381332,45.87708489041955,32.64067849935754,0.0
STU0540,43.09039456554379,62.19010275724731,6.8517734047720245,63.45887953121264,25.185219077717846,0.025959586119833535
STU0833,55.615142465100895,62.15203835588119,1.7750554253070439,39.97931598875452,49.519501180902324,0.019112157073177743
STU0211,66.16819752793495,54.11073008462229,4.949931624599009,48.47400241474748,36.99984493726376,0.04321453240313027
STU0036,68.89113728887982,69.02570522609527,9.02029494830305,51.307692667455676,52.61560360276702,0.9882621454995841
STU0404,36.66638916002138,63.70006140654935,7.987592982674447,66.63149681682711,35.576561168268405,0.0
STU0744,78.08631517937626,47.818368281640446,5.946587529938526,46.3881994465296,40.53306605099578,0.0
STU0741,51.42167790685404,60.45833390414448,7.878560938962155,46.35438180279208,35.2786217962702,0.005223204326706517
STU0847,61.05045221617109,92.20148438207622,5.078102198325465,59.036625273356215,60.33041706180483,1.0014558382122252
STU0893,61.82345705049981,59.86538767205149,3.8308729263926917,51.8887657141341,36.648613206193076,0.0
STU0538,52.258422512054864,82.02646054158048,5.09964630582429,65.55131032770501,53.68107889172466,0.9522530079822429
STU0821,97.17437196653802,70.38752499789649,6.871309753439586,56.40575000038279,72.21674674020652,1.011766277896002
STU0264,52.55132310373542,79.51221805395951,6.903383125224313,60.45162036398126,43.27748229133239,1.049326231635283
STU0098,47.29151983131209,53.80245793017661,2.811656613022158,60.30795482419947,48.182674384659094,0.011610428275327548
STU0737,45.67215596351295,58.085932610559865,7.935617172039511,52.594998437309464,54.07396210427589,0.015233829601659397
STU0837,80.50676077181214,56.691029229080804,5.125235551167737,54.4217764366872,38.592408361795016,0.014316246512412704
STU0113,64.65510443234334,65.42004841921506,9.066209518080614,59.54191884086582,52.20845707782356,1.0099297137068828
STU0534,80.24731201721433,61.31614154646226,3.125634848001174,50.02138713598032,39.538831984931235,0.023299972076799777
STU0643,55.429870030312316,69.02599602718114,7.067046010701234,57.66946617205696,54.32608429531671,1.0098878740440584
STU0286,87.93153054511691,79.48219700064851,2.858282647697437,36.446549268113415,60.96929364130399,0.992180277501748
STU0182,35.95499847583165,73.13390239794505,10.95752482143655,62.124326700614546,38.40689953799326,0.0
STU0101,68.12858873408386,76.37357130738464,8.8998180869051,76.06090325509018,54.8179484288162,0.9937734344473271
STU0568,59.78301506795564,56.44284845444865,9.17085322762854,53.1414045236237,35.415813854632965,0.007856043642341123
STU0819,54.09226444461146,65.33906860558012,4.846325672902421,46.07196437854157,35.30997042707661,0.0
STU0462,46.319370360451515,73.941230922329,5.1147557603054095,35.5925077475231,51.532591636208714,0.007861275178099626
STU0940,98.35059783575554,78.75740716945857,10.114660249767496,79.14363060658341,59.16009993991981,1.0109826764276248
STU0434,48.619760310184546,43.71105650273894,7.23493342302539,30.20423530957963,17.36250804097344,0.020836928871426356
STU0690,59.455401424076435,65.50146843974137,4.947393959968424,62.45442826015549,39.2668634798932,0.03208133388695433
STU0724,67.72507556767961,55.93474667528604,9.091466132200575,58.44372089672563,38.159135790253174,0.0019508823301237386
STU0331,69.61232602979295,85.22594191020346,5.292976802293429,49.93628137468646,53.578905999607755,0.9672939030357994
STU0526,75.30982498018035,84.70625270958456,8.920691369045294,55.09158243119868,52.0463886396841,0.9913693146412691
STU0524,81.36315019578399,75.83854022723438,10.802892283602757,65.1952984297799,55.096692380940844,1.0011019578118294
STU0943,87.99503982970259,64.01135248735629,10.758596241901046,62.61161211929241,54.32465598602981,0.9540893815170952
STU0674,46.85482632731487,88.67267118287634,7.091516193587452,65.11916413363073,54.61629484442377,1.0347290184390854
STU0988,56.0974259713274,62.92272351210435,6.758193026052502,63.828288396867315,43.287958155492504,0.0035607197255457792
STU0322,55.90869577954727,87.15921496751372,8.95219216016404,64.77441998750032,72.45832206742531,1.0095372276256895
STU0860,40.16478074002611,76.41384881493744,7.056153448605804,51.51925134767199,28.04397145243051,0.03415036029914118
STU0139,51.85981605321548,44.125438814381404,9.023777570168503,44.29485168004126,18.124995106046335,0.0
STU0434,48.59988561643986,42.80058116397259,7.054629489856754,31.37326472725711,17.231708066356653,0.014356176393855313
STU0774,95.46463776523416,70.84966047552722,7.028543255413409,56.94751490672582,60.10995573302122,0.9972524154669701
STU0171,51.141551762334295,65.58635247398607,7.164213492412284,53.69012148521932,50.11749057561968,0.0
STU0855,82.82194173791369,45.798277057903114,3.8777172732787557,40.457108000328,48.43178288043706,0.0
STU0425,57.69087665533626,85.25059087975148,7.913070054047047,61.01299565463786,62.742133310358604,1.0416549597710254
STU0846,46.605748197498684,30.073585235551786,5.900786224299385,43.83997833434537,19.002710990465978,0.0
STU0854,58.04407314278511,87.52058158987161,5.106601251967811,73.9435211871026,53.45468908806747,1.0174928547365272
STU0920,67.7663948983654,53.64250476721342,6.11561619305497,38.14773933758112,31.24935018152152,0.0
STU0676,21.75499297593768,74.1316171317556,6.057939843866936,55.933864809133844,44.667902214188324,0.029510254501556355
STU0342,44.379384388710854,53.65609546773092,1.1519671776855833,52.749312167017536,42.097584638431016,0.026314678677285763
STU0654,45.68531565979786,68.40538958193196,7.848732992138507,52.08945960841307,42.2965009714668,0.002436723171166782
STU0391,66.88316003038867,71.0776592150483,7.214080860667035,60.825601778771166,67.03019068158231,0.9943244109883834
STU0505,89.62003517812927,80.06278746544811,15.195592321918879,63.76308102931577,54.42401852307893,1.0100035734833657
STU0742,53.913913544713296,75.98550241395567,4.094457961113251,79.57237294578879,54.18442348687438,1.057240213107088
STU0207,52.91800464861822,71.07088214790674,6.228792902695249,62.670559140075866,46.51453238463392,0.9559033309037289
STU0243,36.80190897488505,82.45169929922994,6.787280354426566,50.92411872599084,44.26262886447732,0.01955767081953484
STU0275,37.2023078792131,70.83267711085414,6.932657938660763,63.04567554922963,54.00727765089035,0.0
STU0070,100.0,77.83280256163046,5.9055829407554645,59.57037436827502,53.18866396490811,0.9995018621543529
STU0826,37.04971639921739,62.95850732188802,9.092641963077023,44.59867842279931,43.12211450690256,0.0
STU0654,48.5026186845225,68.22470610864076,7.865156080818443,52.99711939716027,42.18770408365119,0.0
STU0741,52.95250284545388,60.47994017689917,8.097266595653057,47.700341875932345,34.96038542396165,0.0
STU0535,58.41980484497143,77.46388324819111,8.175984473382597,59.50579587210846,59.30575711544377,0.9716355894118155
STU0779,57.029301298896186,64.0976129013175,6.089267923944391,56.00725302001948,40.74812507313045,0.025738704939906126
STU0363,61.00079968396557,79.99959580726745,3.036435211642957,59.696447168745834,42.614586863891404,0.9551303844947495
STU0045,76.96047966074184,67.19718351937156,3.87315156157783,53.38104572444254,48.39435468548833,1.0134989347300354
STU0586,54.076578042295914,66.31143280916874,4.891259619850294,58.333366401788155,51.4515075586372,0.0
STU0525,76.46677494536782,52.78685733549429,6.160458026547382,50.735247243530516,43.748349964185486,0.0
STU0959,28.13611849493852,58.92593509258484,7.100072752283329,59.64516844308242,45.894956718677456,0.005061392227957
STU0311,67.60449124006962,67.00224893220708,4.994989676412857,50.77647211950519,62.16589551510046,0.9610623140317628
STU0753,28.483472645651965,73.31021453500301,10.946338086992219,48.59471454197023,37.30802761823569,0.0009932003207556263
STU0106,42.58641081551596,68.2515493752741,8.739874987401514,50.18747474586584,42.14548089966466,0.0
STU0584,44.64172440876056,73.11937079839988,9.862496585881274,54.97390731376209,40.83739425854847,0.011535922816352425
STU0912,53.49462682968517,66.79658009472453,5.245436855450443,57.535481256842985,43.82828105477222,0.0
STU0489,49.5087525373251,52.02202366355011,5.835582373847105,31.51638835758629,28.222350766791948,0.0
STU0906,39.80553277554625,93.48491356754593,3.024330264254819,39.421199470793056,54.56827610387039,1.0073513606535311
STU0383,66.50042126036936,80.20677957495909,4.129361416597309,58.6432058940785,41.99614876630508,0.980679545809121
STU0182,35.199375840243405,72.71054467245142,10.838860940784647,60.962828689661876,37.25432600087444,0.0
STU0693,49.94345151662156,67.7584063636797,7.023717853611511,48.45095965427771,36.202791831951636,0.0
STU0910,88.3508711023465,84.4647607284591,4.12043357825269,74.0386776392625,63.601176488542045,1.0157775259271715
STU0588,59.589684856582544,52.63647327544488,9.00160498254141,59.54169888721842,46.50668236726015,0.04413861174464637
STU0884,95.58108328580971,87.08712984234744,3.3683189264374187,64.38453333511816,60.062636060009375,1.0698301654976152
STU0435,49.19146068415092,81.13342553615418,14.785742562757997,63.01923296494976,40.66557490412333,1.0022800181043023
STU0494,58.981178205631004,75.52033281955707,6.135946639278995,57.73493446267231,57.79342696610055,1.0197121448292557
STU0297,88.01626816492073,73.15387847619942,4.977811294588238,42.75932728824335,58.42048665789812,0.9554684512117085
STU0953,65.08228869541593,89.00219231127679,8.099118846691773,58.99663987550986,53.120114029298435,1.0375817826205151
STU0678,55.46423607224428,90.26248698459817,10.056666295910508,73.74291496331843,38.43109127505853,1.019412646944791
STU0412,69.14872780067783,57.16713903316264,4.90585866135618,57.4599780416608,48.08619009963747,0.0
STU0509,52.45551285308247,56.07997628979962,3.029404412068952,50.703120599999295,32.197513390792366,0.030940572185533033
STU0799,58.37318364677997,62.42760103176191,7.761435107017597,51.447073790091935,32.80467586105302,0.0
STU0067,64.49456377102715,44.81006616197044,6.077460338548852,44.03592803553377,22.920243414496476,0.0
STU0930,46.1447710749598,55.17363913823047,8.038285207472814,59.32312027698179,42.793089436081324,0.011887619472480194
STU0219,20.92817929443042,60.70434646704408,3.0820075223418306,72.95640410000154,41.969540905795114,0.0
STU0140,44.52580153931437,75.10728818944256,8.135868285584873,62.15126212272266,31.10165443368195,0.0255497456491894
STU0353,73.38101617563858,60.370202129621944,3.0472044347518175,62.39764094618366,36.578360941035704,0.0
STU0540,41.77874740084264,61.91421507731419,7.01901550620966,64.24877317005925,25.25819465561597,0.0
STU0245,55.945337508043096,67.5848569889755,10.886865918917502,54.49728675855348,60.57113143489147,0.9772496287057516
STU0802,49.8643848599493,79.97751384232457,5.908546887601652,67.9346808377733,53.596178371773554,1.0189942858232144
STU0669,70.00032750953444,66.05759996971882,7.152383334136502,53.802604541683245,46.938466424223996,0.9845751060872422
STU0354,27.450542604727406,82.4391633071102,4.1844334650210815,51.06508170210863,48.26016790444023,0.0
STU0201,54.87769178363212,67.80272299324477,3.9694252939443984,57.678790764690774,39.67723056368316,0.0
STU0938,86.27118868054178,87.36688245276481,3.005907008935869,56.705876197656295,60.08881147660314,0.9991986544870373
STU0785,47.4911311080285,72.85562779656465,9.883842476468109,49.48225059407615,32.95835447940779,0.0
STU0647,34.80925351262405,59.8937624389214,2.150588509996072,62.24687428898326,24.448226729715863,0.0
STU0645,61.17065199159465,52.527591236001186,4.085443225857456,47.146320230340024,35.449404382475244,0.052801269317305444
STU0513,46.33456449041735,69.06967326265126,7.249263129450169,66.86858620872943,42.52933297158124,0.0
STU0214,51.03319681189284,56.960973021299345,7.887218425523239,33.22815645941975,47.048675677397824,0.0
STU0726,42.19997408529777,66.7521597296004,2.9514616806462404,50.50506525494868,35.0356970459078,0.0
STU0230,57.56080078736416,75.10106412987652,6.029718945370849,59.25385275519622,58.998712348001156,0.9894623156747651
STU0424,62.02072030032593,80.89304312889554,11.083012856933674,63.33061040789094,60.50544610841166,1.0155392192117503
STU0983,46.576731836832046,64.8514868729755,6.97230707428933,44.78800899368264,47.558217691873715,0.023712043861682724
STU0052,84.11407679246595,81.12033921540049,5.887906934479679,58.49464735856671,67.67723379634919,0.9923484060114127
STU0933,55.679896483582425,80.84983201385582,15.11317763525793,65.58830917797393,48.97210906776847,0.9690769969326894
STU0663,50.2289254338956,79.23664191173718,9.092597796541918,77.54856901831963,39.839934504547664,1.0318723907263148
STU0477,53.73488385739144,77.94146971101347,5.882345302772105,45.176799567556905,60.94249507068066,0.9976156210040364
STU0221,46.149741261250604,78.30694845360593,4.1740464041007845,39.962147311680575,36.42448589142404,0.04327350295468885
STU0380,73.10993305919119,78.7746898785884,6.150260031078358,49.46145708259419,69.45431264862124,0.9438402919393841
STU0062,55.485283716354616,86.55404266253849,11.017244418141619,65.25082615737898,45.44569805869004,1.004886826138904
STU0325,54.48310146289708,68.70606192221162,6.010220808808279,48.74919926919607,50.27217581622436,0.04798229794307378
STU0287,100.0,69.48632651108683,9.071144103349967,55.075637064837835,56.93787323563578,0.9911652407792532
STU0558,56.816863895628906,83.96698348281448,3.8893525269687608,50.86596196209576,61.20489335080452,0.9943606500032829
STU0830,59.924876809615164,73.55984404931947,5.003856209169485,80.44596699502,48.74676874413908,1.0073904322013274
STU0057,47.45918620534263,62.98789081745666,5.723621966283348,75.85245914326481,51.50418987222663,0.0
STU0161,43.42995244341868,68.1150026678669,8.112541785849762,50.75464511624078,46.453948871897126,0.0
STU0975,55.84104918667496,66.3528409126372,6.799495574308192,77.30902405966141,43.23749563990484,0.9915516048222296
STU0171,49.84209448232606,66.75205536797625,7.193047478490772,53.31557882819069,50.23615367309119,0.0
STU0162,39.22814169287904,68.45390042447276,2.9576107415012918,26.138641677587515,48.958655261731444,0.030732391569820324
STU0654,45.72343002082193,68.5855649277708,7.972820780750069,52.70944172958471,41.19556910501684,0.011531069782281456
STU0208,49.00218438140376,56.19208795017808,6.919395470618871,51.09343668832234,40.95587621601248,0.006267944754164671
STU0836,44.93976208280106,77.45060857149534,6.963014204504617,54.41015554045703,47.827734523613906,0.020221498426073688
STU0745,81.7329486353701,58.43498846524257,14.182147324494919,46.6220669506667,28.36146051828365,0.9933887425847637
STU0447,96.49892954301774,60.06417334329498,6.680551513935088,50.9008707538918,42.01162765500414,0.9806379883017362
STU0392,88.30842803110744,73.23642609484415,11.16396946697312,64.75127843759249,50.960182885666384,0.9849290089263205
STU0007,82.5282412913919,84.28877294885702,10.043404097420709,63.93533539106863,57.38907643631811,1.0000445919561587
STU0377,29.567119833803424,93.20257965264929,8.845011698531275,80.02939025723249,57.76983065817595,0.9735102449738812
STU0243,35.90663642070766,83.60955805407043,6.861923900335309,50.14514634118411,43.46752814549452,0.0
STU0794,68.74261258036556,84.9718281784021,9.215258200498944,58.06563435967647,48.88884405275409,0.9870924732987711
STU0075,50.76165586296423,85.62883886016425,3.8785916511029694,63.23744968599747,51.77828802331947,1.0531328851659294
STU0121,56.4655636073396,69.35449876539002,9.851903371449307,51.41319860975802,35.42864639968426,0.0
STU0756,66.61698936576505,59.807989878914015,4.146037520925757,37.62814041126579,37.993607624490366,0.0
STU0548,41.96915331949834,80.91289750767193,9.043472074710554,61.934637837608015,46.755486442899176,1.0431577610598537
STU0154,72.30877445098403,91.96307617550829,8.879565132680497,55.1925089134653,64.4173038091356,1.0030472000834616
STU0453,54.883043572271916,67.62232422252143,11.027815853222906,58.426100801945104,26.224319058470353,0.01884216738311949
STU0733,43.687915459340985,66.39020226645161,3.868287643020633,46.98493640915672,32.56316793679245,0.0024965496616489763
STU0020,61.42454227947599,72.91027252102455,7.141351598013865,73.2745800197896,41.22573868097341,0.9833107039419614
STU0942,80.17916427505048,75.65093708071817,9.136285942647293,57.545442328386365,54.19672575206612,0.9439320738008821
STU0337,91.4460600159395,71.03920740649806,6.068312558662576,56.89531346310139,64.0205480322503,1.005138227584998
STU0445,51.29584747990777,78.16779976553373,12.046439294348664,73.5594551292987,30.714837533957045,0.9806029061139079
STU0726,41.572914722673204,65.24415920432423,3.226146363260896,50.09357497727301,34.724898076627014,0.0
STU0865,49.995070128281874,76.33288781437982,9.99995972268981,36.4075486361562,45.88881760444093,0.9875208609690062
STU0251,85.99920425107366,69.54582935152247,8.848240780458253,58.46746298989388,46.78463658873394,1.0436371226362173
STU0758,26.565567143437825,65.76995177380087,4.057714953520554,37.91336911378614,33.93154103382759,0.06014242182970119
STU0150,57.67866353832489,71.30462074382429,8.26786005832254,62.65738261032425,50.67529768783774,1.005432138834355
STU0257,55.127309642844644,62.295460622625434,6.86969922989588,40.50686438901351,37.45808502759977,0.0
STU0506,54.939877344483584,62.25962995327698,6.953586167776243,58.4871005438991,34.89573856448835,0.0
STU0789,81.63810217091118,46.24735768970291,8.053473990473416,50.59804109979347,41.130844448370304,0.01171768967539016
STU0743,30.253033820167474,86.84807942741368,7.993078317192439,51.97405270490875,42.03396106882903,0.04458856733463708
STU0618,31.49540592092318,63.16655850071078,7.873866749846945,48.23627233026628,31.99796281544483,0.0
STU0629,57.437853984306386,79.3607361573804,5.1440527963480855,46.97887550271561,40.08470011751652,0.0
STU0137,55.79456076157178,75.71322434200766,6.297906148975935,70.25478719721208,65.81004800967429,1.0167572275886094
STU0436,88.88350245235036,64.13380402325741,4.025184371591564,49.6836438594638,47.69680796437485,1.0246437957140957
STU0227,85.89057233352018,87.22600982900121,7.883912596856346,62.4201760502691,61.441565502815486,0.9603396920644024
STU0719,49.173945573215896,64.17290613046477,7.8011048424472484,69.53518555696793,45.589450909987484,1.0044136811878692
STU0371,57.97466327403975,81.8354682885609,6.033125552652829,64.37408560025311,56.08612868611296,1.0112846813666911
STU0204,45.284939075250094,96.26778812753862,10.141743998356718,66.9031087031667,51.154788613963596,0.9981716643561162
STU0303,74.57368062473252,68.45256207948957,12.061014184851432,51.63275005378011,52.11046933986411,0.9802236627835922
STU0621,32.270527844613,78.89575913527703,4.999691333439069,64.12204240468238,41.5768728406343,0.025407506319444353
STU0837,78.61252850199246,56.78414767101718,4.924334238266041,54.46692992466076,39.2869929026338,0.0
STU0188,66.46971032929979,74.56542969168592,5.85976010731755,56.42294635246546,52.5494590150283,0.9628570782336443
STU0976,73.79018146919448,87.07258063860694,11.107186719016628,59.2312098172357,56.1567680847656,0.9487448291701118
STU0314,83.28480005783797,77.17100950179452,8.117333364965155,62.51100011147461,57.41669108590311,1.031532501619424
STU0228,63.47047649659828,81.14276693971728,6.801519687244953,68.92109463582375,53.427815331886876,1.0154221082915007
STU0621,33.65155603689812,80.23763022544163,5.204144178585723,63.39377671411115,41.96152262278711,0.0022001245773710584
STU0329,84.1789224915401,72.71115224569107,10.07371394175605,63.16433784025127,59.079214761647066,0.9889892009480268
STU0602,37.86348665987632,74.2783570453703,10.179715746756457,84.6986029177206,28.267162896387727,0.0
STU0250,36.8119215290331,77.35333422182346,5.827663322806983,58.1050645109981,52.33673501607044,0.0
STU0412,69.21901149818252,57.89488605215012,4.824620572192226,57.021686937241974,47.84165882754587,0.0
STU0743,29.46988168097263,87.66391811928708,7.980871511018224,50.60970756553581,41.264690048160574,0.0
STU0563,14.050010881015403,82.77556971481442,10.06456032041161,45.46897493612415,47.75419475558502,0.0
STU0248,38.999770734379254,88.6036717778288,6.230662733567929,75.88651362237563,56.80763055548367,0.9922237843752474
STU0267,60.129123907182986,59.040178549235726,12.090664464675811,50.97068392316234,45.762675487140605,1.015252449456218
STU0168,50.67083615445104,76.69549746881486,5.968838372569265,59.41731716939781,41.234645967962734,0.9990014817382973
STU0925,49.09858278110933,83.83488507160357,4.868208477902332,41.01093822266196,57.58085376211479,1.0198801791792032
STU0537,43.5749884987427,52.616985516959105,2.157938923390255,43.08035935069274,32.46721474794929,0.03374042993396557
STU0348,63.08396579706017,41.70391216115832,6.876126450904836,56.35970855841293,32.2561078329059,0.026463705357283773
STU0511,62.47518978779949,80.10981843443336,4.209104431347572,45.714788936233205,50.76849090109288,1.01176694941711
STU0687,46.310388693647056,67.3150487828688,4.963483427257052,51.87034436934838,50.62513610924969,0.0002966729530729319
STU0418,83.12041747564577,46.29098432939139,8.204239596049737,38.63059384101725,44.44476731221961,0.0
STU0826,37.318258199521765,64.33173416910405,9.087178558600886,44.156845995492276,41.77431553054316,0.01850521146918003
STU0321,72.65580817906387,74.34660313906826,6.982409016229943,42.936682440292365,54.77220306875772,1.0420086903393138
STU0385,65.55658392500673,83.32784143600323,9.933306613347607,59.869725392825416,58.764544174993425,1.0085557071467952
STU0798,72.23231201082167,77.28002653093527,10.956225530038358,58.07148621358797,75.62216166360821,1.0479486062719325
STU0983,47.852839280987396,64.98143366190989,7.0549982485896505,44.27328724691889,46.81326540735657,0.0
STU0402,25.185021302767694,66.3351671221854,6.0099073237976235,58.68421151105238,27.8293332722921,0.0
STU0746,81.80859106609464,68.53292515874361,5.923751308277938,55.460110494110864,60.54999546419129,1.0213876775144592
STU0302,59.055717379542074,92.93314248223085,5.978732004516595,59.54093486373285,56.217576846304375,1.0066096162527467
STU0850,53.17873899813104,67.02218822572878,6.010089728210135,43.15234475201485,60.03248264232077,0.03285629090007778
STU0743,29.427425971539733,89.39898344195628,7.726658687391707,51.33229973019384,41.073227122527086,0.0
STU0929,69.19887131811124,76.68625077005109,5.058831337469623,66.20439024809289,52.40099464103447,0.9782928605020925
STU0339,15.037662281556848,92.76506594286532,3.87419833869485,70.49834039031035,48.406283666907576,0.0
STU0658,68.6562899916614,76.84432857600963,4.851905696539051,64.45404052668496,49.82917558254473,0.9616692087131506
STU0708,61.33557834891462,80.15555981276765,5.783335589037852,83.5175903731066,50.82110648175113,0.9717751510686871
STU0671,66.3504620938122,77.32863771787285,6.769654213115718,62.85938940616063,53.90930215584909,1.0243197871377747
STU0896,71.08165004018764,57.73927639583971,7.825952992135358,62.72264367467826,44.12400591405777,1.0218274822836835
STU0969,76.03240793073707,72.35104496402602,3.908957760514103,59.40373236265375,55.16189506036503,1.0090783499671807
STU0503,55.12907968044895,54.55821165202986,10.250809350926671,39.44461224961996,42.842291115960016,0.0
STU0462,42.857390464720886,74.30176481252336,4.932474120999723,34.374423332115555,52.13707582293591,0.0
STU0047,35.578402864947854,65.85169903124134,6.0228241035322565,50.503524631857296,57.824988867685285,0.0
STU0008,58.41538699811587,68.56334397512227,8.051424040301718,75.83654107111404,37.98059629148067,1.0294238417367911
STU0001,39.6791055736902,79.58675070825404,6.016829499809998,59.02168580960583,48.412016396530944,0.0
STU0516,58.776290047726924,65.69570724059294,5.990055828361413,71.56879845884741,37.66200725231526,0.0
STU0602,39.92271699410232,70.64926570288166,9.846517624182395,83.96510320745834,28.783142227075714,0.0007451703078290039
STU0833,56.25914935820622,63.126219886190334,2.1863071773908884,40.6841156829664,49.2394068908213,0.0
STU0820,55.096217581115035,81.69654419954998,9.23205411329172,69.51123135530834,54.21104970913811,1.037106852569793
STU0454,67.78356381489446,55.45784260618607,6.78393725297584,51.2753857231791,42.28629979403618,0.0
STU0967,55.76437191005008,82.49753149137204,10.868509026131678,63.4635310794504,53.94464653128839,0.9650067937132034
STU0556,64.65838817342436,78.88047511563025,11.964070793779563,67.69595716271792,49.853317786666054,0.9461579293600868
STU0333,91.86178804824317,83.77572517566612,3.8761479756382924,59.50681603504808,59.061956416673496,0.9992300624128342
STU0175,87.7722714390744,60.7977657545068,7.064968794777643,45.765294799664225,44.16849869058577,0.9859467272309881
STU0726,42.541587814538985,66.28451223370958,2.906485793474981,47.699111931276796,34.91397140050992,0.0
STU0936,41.71938153497275,73.99859440081259,6.278005256268276,47.82172806003088,50.14224172805513,0.029741285316451017
STU0626,30.942700583029666,79.58349138433171,5.15287306965941,60.0789600684355,40.131385755227264,0.016687089425133632
STU0642,41.38966090683235,88.62274427825572,11.027295689354483,71.8702620670958,55.495441401809146,0.9992943009461704
STU0197,58.388303480244005,72.82040373910671,6.131870755479994,55.06296314508319,58.08806646152223,1.0341203441182767
STU0078,83.8108507428548,63.53936326789349,6.142003773228894,46.016638455898594,40.88627242152981,1.0165693195061691
STU0506,55.669537515002006,63.763415079208805,6.927586001918964,58.26289978343782,34.5966410152718,0.0
STU0696,66.80372044084962,53.77118444558423,1.8951931603002974,44.09358801369754,41.63008643508877,0.0
STU0699,41.258359196182866,93.14542489757683,6.010034004462745,71.37294504510483,40.804284181898055,1.0204568459328631
STU0271,83.38438655712754,72.33315003992571,8.110638876823051,45.09867722872631,63.757275431281435,1.0099127147993836
STU0525,75.1028407386564,52.15067351712552,6.0178561296121895,51.06133597793211,45.2858101993713,0.004245210616752593
STU0043,30.033296417558933,90.5801250996426,5.797504869419003,60.00608314316302,37.697847057952515,0.0
STU0410,47.88753814682343,70.96015640208334,10.896912870480485,37.238272044926326,55.23580668268087,1.015204120188065
STU0459,100.0,81.10258411639812,6.990501472360812,63.96356606133833,74.50804851780723,0.9811057787800822
STU0349,84.16510585941653,74.2202726448038,4.990284115024048,63.31314248252975,40.99858800410549,0.9974494225519184
STU0136,88.10764726073965,66.23837938355966,10.253285400555002,75.05300778393998,43.712559988267415,1.036186529728931
STU0487,76.10891842580952,83.63540901475223,5.822031429651736,44.427513117307015,51.79749616664309,0.9834732406363088
STU0073,62.281310399194915,67.24276585650873,3.064920474269963,55.46174228213004,68.1101400989095,0.9606612164978946
STU0083,48.13433709451889,75.84693692867832,8.19121041595595,80.51034630330592,49.35692862020538,0.973676917422959
STU0911,71.3170469427897,71.73403521797728,13.29166679697885,67.91182546384935,57.78504273201726,1.0248663530940123
STU0618,32.69370162357072,63.085944588185924,7.948073118780529,47.978352353051136,32.26223881854201,0.00637055403880674
STU0595,61.569514975611426,83.49125313795126,3.063102278491876,46.31381636578695,69.58513593394211,0.9967769142250913
STU0692,43.064395272332426,88.9860883389853,5.073160402850437,45.85673959897492,45.19434520746129,0.987268106950277
STU0930,46.06911881313515,53.505066734742265,8.025100942966015,58.15134277100364,43.49520081786174,0.01213833358237133
STU0018,54.66898744580586,70.5798792914864,9.98730772569356,71.35976823744407,44.590892639343004,0.9787647933681058
STU0324,60.12566053050492,90.40948426237948,5.055981667951635,63.9577392349571,55.49850630542158,1.0076443698358468
STU0771,68.77992311514657,42.44860331155971,7.67484550062067,42.69518536871723,42.29337386777654,0.0
STU0367,58.7156258292733,50.27078334649093,6.087581520957901,54.39173563574038,37.97948358098727,0.0
STU0856,71.63917107733391,82.30903642166142,6.016201945512883,57.16802300970812,59.34131519412776,0.9840571192262554
STU0790,42.9768193498838,75.53839347630804,8.971432984294601,52.57711816085276,45.665070957602104,0.0
STU0565,72.02316926397,92.35925531978924,6.262828504872555,57.08693911765725,53.845799809276066,0.9987788178872793
STU0571,53.30875058728934,59.575369459904266,5.913334713290757,61.34838219345589,34.04311473912929,0.00588849828855708
STU0930,45.25083840262499,53.524363342829055,7.948242798280445,57.85080929354286,42.29949297896006,0.0
STU0893,60.78761691774593,59.77019305278924,4.255726534930926,51.8021495465293,36.00692993304795,0.0
STU0728,88.59456657407581,72.59922866518913,9.89315869472145,54.964114877694,54.139829173508424,0.9902072525315282
STU0849,73.69313368652928,97.11901243202729,3.9293621340879152,64.72810564410247,60.06670989816987,1.0376399962223697
STU0945,60.12428905877346,74.86404717639527,5.9811211168492955,60.956428393216825,46.57391105373623,0.9729902867411091
STU0274,51.21675370491895,44.62811198035843,5.107954989542044,49.7851750176673,22.286747749651546,0.0040713697728774435
STU0246,67.6619008328718,75.57784269288818,3.026682999192938,43.16326778744422,38.649406237935736,0.03738911338353755
STU0257,56.355426323426414,62.382909711667,6.8340197068161865,40.66369551994045,37.793402973101735,0.0
STU0046,53.17801315866451,73.50470049294736,5.931666592856426,66.27802646247211,61.876335557505186,1.0098529001681256
STU0066,67.27086863379232,85.82894564508119,4.922012308428625,81.70826256307845,57.13204779499505,0.9799360371705799
STU0357,65.95698794233964,50.48024611520337,10.99008438775062,58.83345735132776,50.25218222781663,0.9873796483691726
STU0508,62.60454759972688,81.76418823793836,14.054680697284455,54.92993557484446,45.16192673104988,0.9799150546750229
STU0389,85.73995035008642,77.43949745217931,12.053699948037044,68.00182970158845,47.26774472067862,0.9816970293466711
STU0272,65.97908632180747,79.44784936158574,3.771950200199711,85.90369558781283,33.44747232884757,1.068072119511802
STU0350,70.07785773047053,76.309469796111,9.13661594787281,61.599797828536296,47.659041423138596,1.0211189406279397
STU0629,56.47474873131311,80.64001488384906,5.032431246377748,46.60897041826988,38.99279705973486,0.02755328876278056
STU0702,66.60874835778117,76.34509673481355,8.177781625347436,54.62243487957077,58.49742932414988,1.0123042323245888
STU0147,31.949285633193863,91.67624166232868,5.057037538957358,87.12516981519731,54.02781053155713,0.9598292310239186
STU0365,56.3177524756578,67.95052314224141,9.14141600102285,65.65116768461668,38.18131022435804,1.0098774775588057
STU0959,25.703107721344256,59.51448741271584,7.059907016173422,59.51345043945515,47.14075228098845,0.026832825226438813
STU0695,25.122803493093862,67.31736658152097,9.1728628842057,59.382522443834304,41.77929710336575,0.0
STU0095,65.67025066686956,82.89954858037385,4.0670598900699515,65.41066030522143,53.68840883224819,1.024141790287193
STU0557,14.452447071395362,80.97846650197987,5.987427137068321,62.49913632544065,54.86665080123655,0.017614697333473053
STU0775,78.78484910708242,65.23894955194726,5.291793273257253,42.672398955547976,45.467570298016966,1.0463175460560565
STU0898,50.926369900495224,96.05329256771405,14.114157317533964,71.65388112825119,60.925119684593696,0.9895516924821761
STU0920,68.38804930130608,54.9250012057542,6.0736719788302835,37.47850824123244,30.271447662364494,0.0
STU0585,51.194845726784585,64.49926336057749,3.836115405198011,66.07029834934796,50.15899606323659,0.0
STU0158,58.69910022774564,62.98338120517323,5.834574127353585,57.91281391165923,43.17269350728514,0.035902099297904076
STU0729,61.444573749952085,94.89041250471871,9.037586298034757,49.361195364272255,62.56897415324899,0.9542735191756706
STU0159,75.03301682242964,76.4385589249729,7.018685732198618,53.77270756261863,49.05047297878637,0.9482721295746365
STU0610,57.966158136632316,80.5740385612665,10.92114324261439,76.06386493677479,44.78151170481827,1.0022356805732706
STU0621,33.48040566600942,80.19943492474091,5.018102963760541,64.39729671326518,41.66560666642779,0.0
STU0294,67.53055237626005,75.5590038105494,6.203988544598234,55.56791517016652,53.41279714021839,1.000193266365424
STU0677,45.542653717717315,51.37557201557955,7.08929355041729,56.53590740197856,21.436074100017688,0.02364123908884202
STU0575,85.50879093802303,74.9184723246874,6.8534881530899785,64.24769842527708,47.054793437824316,0.986180830047549
STU0332,64.96475145692747,73.79013455569658,3.9856816456040076,62.05773462511848,49.74666685414085,0.9531581219961582
STU0382,67.9519791639753,62.843956430668975,1.8966378210133361,65.07317585987893,51.79456872157959,1.05113030301453
STU0058,56.53575105495551,77.8169262337301,8.950217171638634,46.41441458882427,37.57472210494629,0.9750603842172889
STU0475,33.22575640255229,82.40084658835463,8.946889445114262,63.4977878932604,55.04567570935992,0.9735146111925436
STU0890,79.81530040953561,86.0361684282844,7.938667647193191,61.138928258407915,53.635509816953295,1.027602860268462
STU0261,93.12638507329855,66.28651821269686,2.838833628410213,49.39714166500059,61.34246870784309,0.9903843371952117
STU0944,79.27218267865533,82.93234029122863,6.983608427986226,59.44772765097289,60.48618645830682,0.9984146874149233
STU0756,66.86133843162972,59.80263162043633,3.928014857414025,37.98627355528181,38.556642772653696,0.01207406603825504
STU0675,59.99599581820321,73.92542114241024,5.623842474151762,75.16471410602054,40.256738902604816,1.0270992576129268
STU0355,77.61237546184071,82.40762680541637,11.263613040913715,68.17813882462555,67.012614194349,0.9916605037468911
STU0568,59.66231969587166,57.08054037777244,9.139804086941856,52.95459444857432,36.497189700735895,0.038012378422419085
STU0202,55.04866268164024,71.75819883498419,4.951680891307035,55.63983366768011,43.557405642032116,0.0
STU0921,58.80519512296262,78.50061858099524,10.002416470789674,60.03573438409279,42.306072917498206,1.0190014683747934
STU0146,78.01232112142343,68.58579931743216,7.849553056880486,57.647986351227324,58.28708401809629,0.9790043112498015
STU0592,69.77262737100635,43.722933683831926,7.217740260963948,34.764278306216944,34.0118999728448,0.03431904190537672
STU0760,61.82633321471863,52.290732552677966,10.243622434378645,62.73127116709492,45.166850671619095,0.003552380904865508
STU0211,65.94103152619779,52.95373332347392,5.02012034733167,47.581877879225694,36.442869163204406,0.0
STU0434,48.64937055010866,42.77292405595245,7.131427034738852,30.047357831544062,17.750186069898568,0.016576948721951187
STU0765,59.42952694359022,82.67243875050539,5.022507798584327,59.94603277594135,55.27856986103681,1.0223376878509487
STU0756,67.9341317078363,59.621309598019096,3.8283570094461763,36.92374139200571,38.467092845963776,0.016053087341104562
STU0122,60.67448661479282,42.15519874829353,6.947119585987445,43.62063541711327,29.320483988545252,0.0
STU0398,83.42019943355695,80.19274221456547,4.0169402856382135,70.09894654748838,45.87478879487216,0.9878952480114751
STU0844,57.38536238249088,87.69453549430813,1.9416335415445143,64.83514846003291,55.77391009034407,0.9998981426878544
STU0602,39.40537803511904,73.16187674333884,9.971923701500808,84.22742669317776,28.98268969659515,0.0
STU0660,82.4220941120118,39.55733819006572,7.988263787813185,52.67302916408627,26.54997374558314,0.01875033463028036
STU0899,48.39619988681538,83.7832670709008,7.98961475046304,72.2381821157899,59.039507203511086,0.949609469354417
STU0835,84.47691159001862,67.08761180605613,5.006710281206558,53.578792240589806,38.26923076632932,1.008361163026918
STU0733,42.86148089565689,66.27822042809423,3.8638124029823704,46.78494619232357,31.772752207744816,0.0
STU0646,65.1551329871539,83.17863514422089,8.90793113340074,55.33766269691424,58.41737356085883,0.9790299939646807
STU0293,49.56206373626812,81.65460835915387,10.835052226455312,73.53211276383418,41.53666132173771,0.9814311976559792
STU0139,52.2877564843884,43.290142702625445,9.125556962018546,43.64343320875127,19.242465244006503,0.0
STU0122,62.449787245668745,44.52231267008285,6.729623206354247,43.760467968029175,29.178687180051167,0.0
STU0006,86.88755629714014,61.66938450162404,4.148127424407689,66.58514268286743,38.892487596458615,0.9824614958598059
STU0100,69.94462084593333,66.49745633471534,4.178014983165718,67.60085158862681,38.49132303817924,0.9780968054169622
STU0257,56.56827941891459,61.97034308019113,6.961198329792674,40.87589310468257,38.00263099132548,0.01332433977591291
STU0153,53.641415539879,85.61067840941,5.665742701095015,63.69617828664937,55.6425877063747,0.9798546368794541
STU0868,51.84609054936354,60.821748884238616,9.953605711710777,41.066045032878066,47.05779548543724,0.0
STU0982,50.08282499924152,69.85788713851422,8.991758396249969,75.21547260697365,48.29247488084017,1.03857069339992
STU0566,84.99909488178251,67.63224809341533,5.870233560556134,51.05650487105348,57.29197853922016,1.0248676708929338
STU0971,78.3406080647597,38.01675210357729,9.933843088992194,36.055215507542194,21.299871122268296,0.022564845311510567
STU0660,81.10744534653678,38.599798443667275,8.196485585166144,50.44276101528952,26.175780448443636,0.0
STU0437,62.18849152245206,52.83396884266428,10.085380350608059,57.322711251732805,49.48576631232356,0.013580658083694064
STU0468,48.758805156782785,59.43546843025277,7.881280818831388,58.931833015586534,44.0797902940404,0.0
STU0870,82.09292656932249,89.7238478644783,6.7948593696202435,70.06854095100547,62.32606573009383,0.9950959179623339
STU0185,80.22074519432552,78.90232650023516,2.9580091552648002,50.703610002458795,67.02672339703147,1.0102457934592777
STU0760,63.335363721405415,52.5752553677921,9.972590960794083,62.50342917728863,45.54970608133092,0.0
STU0981,68.86385869021389,85.65432496440101,9.063714738982627,70.26000596931793,65.84908244905654,1.0373384151414722
STU0359,52.654761313174006,76.1999592206333,10.931262352936276,52.12813006633973,47.46081463295955,0.9959953160102775
STU0276,52.87456558200775,64.30523949295585,11.065679394009251,48.47328845613228,55.062579898629984,1.0154645381924572
STU0489,47.906223126463466,52.370766569060514,6.2484845555850015,31.90429496992824,29.38467737987519,0.03640301538080457
STU0600,60.528446797786934,57.10569421259926,2.1047148727937284,32.38151751076683,46.79709006542398,0.025800560496302746
STU0883,69.27345855781452,80.9334817395769,4.993825167854617,73.40093667597718,53.74398830073025,0.9647644360547875
STU0512,64.25725129496689,85.9503306900742,5.976482459554773,57.44879057814412,56.54857213414486,1.011126371789301
STU0121,57.07646418631798,69.52148410465993,9.954201183264441,51.68989436540182,34.97662559910816,0.02127558464194866
STU0888,73.01768011481434,55.88459984057811,7.1516008681288294,37.92290886899376,46.30767060678443,0.02230454288518386
STU0867,52.247791212191224,84.32382549831662,5.91944946004151,59.16020936054246,59.39453676853934,0.9721576836864442
STU0580,27.857046578473547,73.18487229655992,5.005806847680126,54.45462345532136,44.27929412786819,0.0
STU0557,13.584293116502337,81.38133422446275,6.0065740957218114,61.92369243694291,56.86251520936676,0.024872840637756053
STU0453,54.74324674343662,66.08709193257322,10.935568115215018,58.41349607363854,25.77501104793653,0.0
STU0093,56.52598261436677,66.26744785833155,6.823767780413443,66.18791493274922,54.03013679931461,0.9925049212913943
STU0968,65.05753035929689,68.87475527891091,7.041471724904248,57.212261702273224,55.08256492683763,1.0394109730994376
STU0339,16.96201935421541,93.03484221945465,3.992166750283645,69.41155542057865,49.74307509936156,0.0
STU0916,41.60864745374762,70.19645591780692,9.064233662106666,44.5852143939839,41.19221557101487,0.0
STU0912,54.3604227528215,67.00196550366591,4.9314827490418125,56.572764541250635,44.3358849374916,0.0
STU0686,79.09663339355595,70.41642181202668,8.156760253501485,42.73967451938679,60.41782078354322,1.0083209555403283
STU0165,76.44446254895858,92.65421330728432,6.88741736375352,71.68799257535916,61.539130119805655,0.9666593903003886
STU0325,51.278048909728824,69.82659025100175,6.2198355067922995,48.7293103208359,50.32571182970132,0.0
STU0032,76.03301403480849,67.46875481379283,3.775593739578849,44.81154552759386,52.43554531749581,1.0083337402422299
STU0033,80.94671416673638,77.22140523611297,7.055826897516499,60.18292765985789,64.16796586915348,1.0324903512834078
STU0423,58.79581009329286,87.02650164823683,7.06104794730213,74.77250352620513,45.35544028989608,1.0166946654548608
STU0935,55.721028099665524,52.55145035135521,5.897846042032063,34.115805955728796,31.643300540586324,0.0
STU0069,84.27293367687014,86.33384818490174,8.054494545064268,90.95232168493455,72.7680062014209,1.029471010180072
STU0442,52.298404911197714,73.80493479576046,5.164297322815795,74.41296560019487,52.438459745376406,0.9925094483864237
STU0061,51.37963471439538,65.02586562762525,4.715348115598999,69.9591410969718,38.32143492353099,0.0
STU0284,80.33223380809368,88.14777474157212,6.0645552330594485,51.94412700092258,51.24087556405407,0.9956974291114062
STU0214,48.97744971255313,56.79985448143797,7.679850141685109,33.77688725884898,47.5057554536181,0.03596707770817665
STU0495,89.96760382632851,60.877484148285646,9.876003261456088,62.100391309806135,47.40588143286963,1.004132477400054
STU0697,63.487376386963035,89.9591673019531,1.20919403405418,78.5695162845256,55.93098935261948,1.0003131584705345
STU0724,67.44112112272973,55.874598870164746,8.92529594697781,58.58926312593202,37.718643697388984,0.04094491691439961
STU0824,75.81727681468058,62.93553098173829,5.849267275251523,50.73953669497447,64.41013482308311,0.964203342019166
STU0290,57.586303804278316,81.0226798171885,6.974583693286385,62.90007109109594,39.694685682308936,0.9678485374322694
STU0965,77.63741698338804,85.37411267508179,8.265530689956849,77.00824171026353,60.211723958360004,0.9595894032917347
STU0771,66.64261212222739,42.77487175158303,7.764801798850204,42.87212444618026,42.18844535497568,0.009319533661450847
STU0040,61.71163209355086,60.20669412391048,5.865005952617767,51.41698199028293,39.52134660558163,0.004163815520494059
STU0984,66.1732144028419,88.07493193815304,9.19227856729287,80.26544498494242,64.31768262528874,1.0385821909974002
STU0754,64.19468285791847,72.41274736958539,3.238539326424279,56.970176526562746,42.3002484514429,1.0060890519783112
STU0198,43.351077204828734,80.31724119512862,5.9867188547943275,30.089226682427423,49.95530584175089,0.0
STU0034,58.774158042535326,57.444574865216126,7.8408987327313,50.82041169380361,40.99069825061565,4.488785619365795e-05
STU0781,48.42023180041722,88.55993594622284,9.269117977350554,60.383568111642134,48.176759907143705,1.0029437369839664
STU0173,62.917986591811626,73.43725995895875,13.204735282524256,53.22489296783902,43.86642251658347,0.9581910337257856
STU0186,43.0764442787589,67.12618863725703,8.087180574273365,61.79182409605875,27.24140268387249,0.06778250346973412
STU0178,67.3391363590981,64.48659004578394,4.895683014141012,62.712774853134704,35.80445385535149,0.013001419646175573
STU0804,47.223020937893736,63.054798823753366,5.9937043595927975,37.72946123379397,48.056747826578594,0.0052520837798458175
STU0873,88.06715477143001,77.87636726448201,6.979408872551169,55.46866421258102,63.13509086910614,1.0153845950867206
STU0881,45.88184755623461,96.91706550367572,13.042483150018157,67.6903163888509,55.84888219163954,1.017741611936527
STU0348,64.13828424782197,41.333068036004335,7.186316665259392,55.31083942204603,31.867252724365247,0.0
STU0379,77.29738218566439,70.96264152613278,10.112922045541193,70.37800116716421,52.210695815169245,0.9842133324912812
STU0916,43.47307610505822,70.56852657592273,8.861658911825367,44.008027086155636,41.13887078881337,0.014991622265291608
STU0462,45.11784105446699,74.28495787934389,5.176749809868775,36.07303894296636,51.52753213181654,0.009646216706093547
STU0454,66.40811934198314,56.438148610220935,7.040207910605466,53.222711964218945,42.14177396693348,0.0
STU0725,60.955184975063474,58.05969461247169,6.088223074446489,35.96130535629848,41.171360650352106,0.035488567036519085
STU0178,65.80190516421099,62.941622976756996,5.188312013473484,61.2265981069917,36.75257507157345,0.007336421526671026
STU0403,67.86914599248469,89.71290260708003,7.857266905590191,61.57650414185579,59.38441311801092,1.0182520037939211
STU0846,46.305885294387316,28.832216924967184,5.995399796182027,44.291792670659284,18.78200380176317,0.03481045671881685
STU0085,81.90345075386624,65.95572563575901,0.0,63.43919839499085,56.70461973066508,1.0005474160697843
STU0727,44.734508990143055,69.88966273296995,6.798678118399523,72.17618582067945,42.92699897230808,0.007926631620172833
STU0590,50.386893550576254,88.40357253563796,8.044519491946678,64.78775554704575,59.9626885545598,1.0202579172255113
STU0199,43.88188846733949,76.04991492203999,10.322497848040888,52.74186165165848,32.20545224936472,0.0
STU0017,69.28030867581774,60.20111503749904,6.763723770242532,54.69941149145917,56.25337020859478,1.0013517744339744
STU0307,12.128197776275487,84.1594737335476,5.995854989771052,69.11490654252572,43.96012204720655,0.0031398362366794417
STU0246,67.45631266721107,76.6361884903281,3.082249280036753,43.55659342757784,40.49455696322107,0.0
STU0509,53.073477429021445,55.24354119216499,3.01580392651315,52.254318069524516,32.08715101734036,0.057961623994697994
STU0523,39.3008295506336,86.88284254568688,9.985473728048701,60.15014265415847,41.10589870356969,0.9648050920573352
STU0827,81.35938573648673,28.382400882781763,7.833173383618831,45.27153900128865,28.55240893646259,0.0
STU0978,90.81087986698859,70.01774824964009,6.029891114179089,75.09528653441824,48.46592027277051,1.0328674048483484
STU0027,31.637910999294345,76.56018465348455,4.902827290944917,78.2832278561396,41.12090904069476,0.017838028132282344
STU0737,47.7742545733356,58.433756312754134,7.718801857442518,51.46852257270347,53.44703626813433,0.0
STU0316,83.4050402793289,80.3108958958848,8.153392293778543,69.49909184614093,44.827152861382494,1.015187650507384
STU0776,93.9464693181635,85.21707283731627,7.123062076502708,73.300031400299,60.88746085368582,1.0367093739576274
STU0163,34.56807896081051,65.52036771049058,5.006633557126816,57.62340620849887,30.326666533769338,0.0
STU0328,48.60905459626914,54.56308555118174,7.029414465678812,47.16558453829032,35.79401585273868,0.0649937887157561
STU0196,50.56617618589058,73.66279607056121,5.137948415692159,71.22859827540859,38.009521538796946,0.0
STU0932,51.12548197268255,64.63792834330434,6.028806461274193,58.69936398141402,55.11685126818203,0.017351784519391646
STU0573,62.98301149240767,71.98305073632035,8.116080888490362,60.891866446183926,39.92439183125599,1.0291736294201173
STU0539,88.15596782750224,68.66159339392594,2.9618016287342757,59.39590370510987,36.34705835040383,1.0222915602338067
STU0448,39.26252893971652,57.2006452228579,10.168466018448923,53.42303416426339,38.95629621737967,0.0
STU0408,60.27933001194469,61.302155490833215,10.041190673660228,48.485607702564586,49.55766194045023,0.9927363683321468
STU0551,51.42017114961147,41.38861594390382,9.024917350231101,35.061229922115054,31.213521079151338,0.011107596984750336
STU0939,39.84995685870905,86.15730432830298,6.836917083259899,55.97695997996523,43.225231214447305,1.0204011495927148
STU0232,51.55122222722347,49.807831836795565,6.036846729744809,41.82386781825658,33.61639518802953,0.015067218017613944
STU0469,39.21688698900656,53.535303721949774,8.893172355450353,62.51881803262551,52.217439342495716,0.026010738478732254
STU0406,52.39108332199363,81.21004881123677,4.918040943327654,55.237119918389986,57.94560914892485,0.9745191491438195
STU0433,59.65416770824185,87.16498733240937,8.895301228510643,82.38577437560977,44.600438400739385,0.994303690762338
STU0334,50.76895047972567,85.00441870032509,6.863089496899204,53.703274266895335,42.67988520491445,0.9764912041985845
STU0313,81.35716680368748,46.81650812627696,7.272832480964645,53.07578290078033,27.00597084754639,0.0
STU0031,48.20896104367247,68.00772348367146,7.17095134976482,69.294059437862,45.85595574052216,1.0253895916264655
STU0221,46.70626417801607,77.2827772053004,4.246585881770603,40.686184533701514,36.565610873638,0.0027005626770924118
STU0916,43.99002965351579,71.30210951041869,8.842973469206658,44.34469508738596,41.160157936645035,0.06519476708344633
STU0534,81.48510399476673,60.79267965239583,3.009149378299529,50.22732405027408,40.332590501398755,0.0048368869479523445
STU0601,43.015891363753504,75.71646160064775,6.833906417400939,54.09793875703804,58.26995059081234,1.001492830263399
STU0862,53.887558476690025,63.45467885818294,5.9106689034544795,24.911906712827232,45.60653129042613,0.0026555215559788676
STU0852,68.00611963348705,79.45672298999249,8.882107382295125,67.76019954315932,45.7248884026212,0.9840490849054695
STU0503,55.4279422707779,54.22106679163349,10.159169489650198,39.41160919953963,43.64509185861037,0.0
STU0662,46.860971015360086,74.66245587844222,8.949121902735124,53.74621865480854,60.16675891305363,1.0282047756113548
STU0570,19.949973787161365,44.871500879779816,12.137185856233385,53.03343083698441,13.958038271119896,0.002850284843910454
STU0206,70.91368838546346,75.84033076371696,7.0775724865625405,45.55592520113999,39.96790000900068,0.9801564184935313
STU0002,35.44019660872473,76.66544442105439,9.29580004469687,56.68347252295752,51.88219605801517,0.0
STU0252,66.23078580469232,86.96417718977375,8.810031122748125,65.96844211162778,45.75309351268229,0.9887409308939352
STU0396,38.10386469311321,73.87327556859485,10.161692560637986,64.3490550449406,51.53162355353673,1.0018472457087333
STU0233,61.23145602378935,72.01982827498193,7.147209392269951,70.50162494636184,45.93673734664415,1.0298503261220644
STU0619,72.84501563261676,53.32675161098895,11.875012736466465,37.692259790245885,53.27449361022548,0.9664758089016605
STU0001,40.592750045043765,78.86244268005615,6.129321529112269,60.36391990726483,47.46031685949607,0.0
STU0950,42.385046052856595,88.07314658687852,8.043162885238381,72.00825397255727,58.79582167740354,1.0036090396588628
STU0836,44.186317675815346,77.77703098574351,6.970790781410403,54.19854913372037,47.05849802199926,0.0
STU0255,84.09986064210385,80.03250821087595,5.894202094989515,56.65443283714364,66.49223228959079,0.9791525960944161
STU0806,36.39358669862439,85.88594618683972,7.907662341725125,74.85724820713618,55.40064274108421,0.98299671281925
STU0688,33.76501356323505,77.57771578745503,7.263207288469022,51.64943144637925,47.558135752204265,0.0
STU0786,52.5811428232373,71.38960054837369,4.000087677756748,62.77871395911022,43.5583719300475,0.004798952843436005
STU0221,45.98571188163733,76.77848495037242,4.100429847865854,40.94467173286193,37.13785503859379,0.0
STU0330,41.2865541883296,89.89698080746157,5.898444114888137,51.331587216583344,59.58804531170477,0.9861128868657377
STU0661,52.35646515605068,82.10441380679956,3.899862538716811,81.40759180461349,57.584593596356406,1.01070288880693
STU0123,65.56657306238306,81.9810859911603,7.138932875063437,75.41266369833653,54.4791696742666,1.043092260783506
STU0878,47.46064752269736,73.27656746429467,3.8267068986688857,61.1145145151837,40.198356431013444,0.04099605698294492
STU0770,53.82876883356371,75.14953953843231,8.946684239882266,52.5279841004806,45.37046363996305,0.9519135288909248
STU0531,42.22472226459942,66.95745538786551,10.004369309079772,55.266221555010596,51.8926089157243,0.014431959787965798
STU0864,63.841081960438586,94.03282840151937,3.0143008623084646,66.17508823520514,52.5557301418236,0.9955478274027211
STU0983,48.09977269624813,66.14336095772771,6.977003424836344,44.41509009541104,46.24427794883174,0.0038802696297705642
STU0574,22.593841935676174,81.81622097563697,10.050825464206618,67.91226340003419,57.70298145098669,0.990039366156735
STU0681,40.48260998710735,68.04455546038125,8.088966537549403,63.99439467197559,39.99124840171114,0.0029407662084418055
STU0094,36.48610320544738,70.67277398173296,3.0943315520214796,48.67343491769366,51.19452471392673,0.003786537478188751
STU0834,82.48619133538999,68.24620915410847,6.873417301041728,60.76030547366925,48.81098148256604,0.9855210340832876
STU0972,88.88682971888605,85.13702545798404,5.963512902970839,71.73343451916948,78.13472766215536,0.9775828037326675
STU0958,31.07277568230429,79.0144490356375,10.153414205079878,57.32001026051369,58.16129203094374,0.9887785995755979
STU0023,76.61235904165589,55.10947683883666,4.114877681160072,54.62072486232875,25.603540694234177,0.005858574333162336
STU0986,61.65248669473021,66.89714206740234,3.823717200997951,67.36644267388348,59.89232520537729,1.0149802595905326
STU0650,86.40649062917936,79.5092119714181,6.045131976591052,61.854002542525244,64.07633462119463,1.02134134770494
STU0124,39.40324949322083,69.5235935994384,11.745984861276145,56.28225745338915,37.92906729514899,0.0
STU0947,66.25908916382365,77.92223623260118,2.006026702804255,56.113156671808284,63.295993343501664,1.0070986498675458
STU0897,46.885977417372175,57.89802199297157,4.243683853583729,48.81956317372242,47.856060132188134,0.024071163178524018
STU0443,34.83543897669648,60.43861470882506,1.878285296303589,66.04460487907275,41.50136308832578,0.02915028505443263
STU0451,48.70704505902874,73.47249171318339,8.892868274627457,58.64197936887682,59.3304288199375,0.9985286530717967
STU0733,42.727558939949404,65.75983052160858,4.09810567882334,46.394871425175424,33.19850844048102,0.0
STU0262,43.89836777143774,82.00707805493421,10.801895693610621,65.90643510158006,68.68678473287096,1.0047798132270063
STU0213,62.99077694514751,94.9547062994642,9.918750730360326,62.51840791121941,52.97243771780125,0.9712470424297571
STU0934,85.26090715063211,49.265111296007596,5.0765863636364585,42.863663894385944,20.71295597511816,0.0
STU0613,64.47750266249525,94.36376727235667,11.918554164829146,79.17688442431051,68.86471531022474,1.0186213116182714
STU0430,59.31189248268787,88.54977979747035,3.9697001395291034,57.583612149955115,56.02212487933839,1.016054412979258
STU0841,63.28092510141928,73.54003092778235,8.095557589562526,43.76202105918904,35.6505742293287,0.9932408954937884
STU0352,89.30932311659355,46.34295174464311,10.054128864709353,57.914765336155924,26.174628949410277,1.0054448999816907
STU0265,71.81715010436609,74.45486786234409,8.034260967991624,75.01752383419502,46.5499096292911,0.9793763745964794
STU0814,69.7113327741073,72.40927497811639,12.956454810775288,64.6862543812207,48.26733618765318,1.0175935882524425
STU0402,24.077010524941684,66.1401075325465,6.047517908064846,58.522051007622245,28.154789376609134,0.0
STU0299,32.81057925590786,50.74549814670311,2.984112034809915,48.96103532593338,25.868960613246955,0.0
STU0570,19.380738586192134,46.3559860166077,12.058784789826442,54.4720445437536,15.321382474915703,0.0
STU0507,62.84625205764869,89.58881272803755,0.9361911605685135,66.12922417294966,57.311327467251175,0.9984270914741097
STU0936,42.01684088492933,75.00976542022562,5.9765571269660285,46.67933533429221,49.53919487645122,0.0
STU0863,52.26701385680565,78.53433798394188,5.87288390637753,68.5812620813812,58.78635617672259,1.0164594553270518
STU0467,100.0,56.54351868823041,1.9955048279183905,39.93897174637067,53.53778012858887,0.9901143800903706
STU0617,55.46721786255664,76.16090310045917,3.895862972659482,62.78985700971113,43.832871333919876,1.0398383329183447
STU0404,37.01554617435773,63.68781296410374,7.8569502316927,66.41068717443629,34.89426318956714,0.03664335183618805
STU0831,66.3957538294717,60.22594880126112,9.033213531864343,41.87784285949121,42.147121055850754,0.0
STU0749,92.19157851141283,60.35553064358326,4.0273169719644635,49.957230878096695,53.38536734558961,1.001743229428886
STU0114,36.49595390919532,90.55710508308935,6.100525347378451,71.26011457799643,48.93639337056712,0.9837277719184255
STU0741,50.93036227287901,61.028910109376774,7.944641075935296,46.59182023423874,34.92546407706375,0.0
STU0141,94.33886633011653,83.9471155554067,7.052396257973484,69.21248967620133,60.15938197731459,1.0500785750914376
STU0367,58.90871090831539,51.251984326644205,6.07072547566263,55.02349908506324,38.73556449837508,0.0
STU0926,60.5462659918391,90.926991606675,7.057111433863654,82.75799083627064,58.58364657740781,1.0090088689548844
STU0744,79.821620006327,47.4521443148728,5.89398146907632,46.222773977253695,40.51822635813904,0.01353786816681662
STU0049,51.76635821468953,79.19616502610734,7.019179102926416,65.44499593960637,41.428354806664835,0.9749753267080689
STU0468,47.62520615959406,59.966296624693136,8.046757641904785,58.15007744236912,42.72560277673076,0.0
STU0259,42.81382707880534,71.48632046796908,8.000921755127745,74.79106714921144,52.81751200459905,0.9698386668858717
STU0616,31.0669412429682,91.75657900366453,3.732084649105124,71.42127598684966,52.449806064173856,0.9778428169593076
STU0082,68.7415889593396,74.39772004957896,6.0206077614822915,51.24973266836829,49.15453941306018,0.9287237869293871
STU0023,76.22979353085412,55.39928122594094,4.284101307007856,54.14435729383385,25.79854854294403,0.013619424969082928
STU0970,44.9194742990434,52.7938030727752,4.953768952838791,55.233144196818365,39.58980766971556,0.051373196879238255
STU0537,40.95940733866943,53.102720323886224,1.9065108459859008,43.44668149906612,31.38921872802873,0.0036968390114121416
STU0842,81.38868360282417,80.80304058784809,6.047940034238979,64.86572729888846,58.247093334665266,0.9645806264805321
STU0102,52.908355452202215,89.2340039076352,6.040111101853064,53.45285797629373,39.35072223887169,0.9839248482763184
STU0170,95.73802196209667,89.30202056381735,6.153153837562138,71.82094344370098,67.5732821417004,0.9885239795634971
STU0279,60.837099202369295,83.28491967449504,9.838482723734067,67.04127473373448,62.48665348933717,0.9745512901211245
STU0740,79.12283228293116,72.36423158995848,11.09391329747532,69.1681937875437,56.57092965667031,1.021512250278852
STU0247,77.80580871451353,61.33771734039492,10.075813480715512,58.711585661683635,66.48337900680175,1.0202637394519798
STU0626,31.89244634458507,80.15237198387156,4.98174759304509,59.898085233330335,40.592952319305844,0.0
STU0140,45.85791582746702,74.45702463284897,8.04348933776529,61.9575808652045,30.263764194598046,0.018133503519331254
STU0695,23.613499867639767,68.17592842781616,9.132188073669143,59.386818212622366,42.00074240109163,0.03818395615270041
STU0589,88.44394980524757,88.44338731927735,5.112010152705769,53.61270236771335,57.68628162803661,1.0475809513632381
STU0843,65.54006768001749,61.7009088586205,9.853229954873838,42.67321808081052,44.7114148537321,1.0716558965402947
STU0397,68.18353240840787,88.98219305116832,3.1053128786269615,63.39866669434531,41.295763665011,0.9774421259411736
STU0819,53.760701006662465,64.83348179342798,4.991693622864039,45.59638898598051,34.739963109592246,0.07063074043044051
STU0130,43.10718815290891,55.574405069460916,5.009357440019855,58.22840805248978,34.16003147116078,0.0
STU0193,56.122201152527026,71.03147287776437,6.009398901277466,65.6339259272656,43.492553912403274,0.985183070909803
STU0384,31.787928187675565,65.16348638019299,5.980707963537551,61.85102973213268,39.24738520044919,0.008179731226379909
STU0922,70.93547484780902,90.9029856717159,5.153021879228151,60.12380587801377,64.35528934378121,0.9854432668857248
STU0338,47.141068769059366,81.17060279732556,5.989250147731409,54.24653717891374,45.17269348870961,1.009979668320106
STU0571,54.96493334546815,59.498529841932175,5.8562440423814826,60.33421856363583,33.88267601772915,0.0
STU0453,55.650475642910315,66.4197024133238,10.94946857493214,58.11876778218958,25.730663933364838,0.0
STU0579,84.28711761681038,75.32596062099275,2.022945396786427,55.35894818919621,50.82088034630088,1.032151040424661
STU0065,70.54350311322162,66.2424153591816,2.1578380237808146,50.20037098963845,44.56640663428734,0.0
STU0916,44.053095679390765,70.10821909210861,9.077440716171889,44.98416940421602,41.61815357535606,0.003541159594272121
STU0530,45.983311496321825,62.54025813108012,7.890786533591792,62.507139552213495,50.40920535456107,0.011885710772925516
STU0053,50.04645250161073,70.0590657392961,8.319112225283659,69.82014504295834,39.42413429297495,1.0292769986717183
STU0460,90.8622258220121,83.88654406395193,4.033998624458959,47.97265784615956,52.48330804794292,0.9586045954812654
STU0994,54.442401851058484,71.94172369923626,7.163767273389279,62.95897814302636,55.242063527346424,1.0146183230582237
STU0689,41.00058759985559,82.76428968262731,7.980519021833479,58.316480332412766,52.75922760035066,0.9932941261361812
STU0220,71.51567155628884,70.38997825787234,7.068486297289109,49.13487617715965,48.41962689576267,1.0041674360186779
STU0510,63.87865610010121,84.27608518533562,10.107792430966565,58.68100688617731,46.79950397406326,1.0265082231577953
STU0348,66.21341534744661,41.35544175325791,7.156422985095715,54.62336528479333,32.4588401587857,0.0
STU0399,90.17417791431143,63.894769757535556,11.1357719788774,52.8375208290915,50.43629623117046,0.9746748426491669
STU0901,63.01244393485925,77.11035752187607,9.111994952060229,55.12329435962603,51.75357391620551,0.9515969611195232
STU0592,70.85374836955039,43.50954206253194,6.959541109001813,34.839541032771635,33.440557891243195,0.0
STU0509,52.76219321003345,55.72188509065795,2.926584624168465,52.155261341177635,33.490519223887205,0.03327269383715347
STU0177,67.45976022100513,80.9107920193826,2.042708656611424,55.44994939951707,42.272437234423904,0.9969842430397059
STU0243,36.49709110748128,84.27267790241085,7.1198188410636,49.81560513635824,43.023318257942734,0.0
STU0727,45.207465137770534,67.83326275852194,6.9714014216923355,71.48944762736461,43.302329865591,0.0
STU0039,91.52607135163073,74.64358052002353,5.136774012323021,82.91616781203109,49.157490383645104,0.9627901658123148
STU0517,64.56211336134825,71.69143652484196,11.186524079719375,60.080724621562666,51.091956659805305,0.9718602957670869
STU0534,81.01542322170106,61.980486357558895,2.8823392910147287,50.04390349837543,40.33210835977987,0.009723946214897937
STU0176,62.95072065919179,95.5125860301578,5.892534720834816,80.02526893761839,59.44370596954224,0.9706426802123352
STU0308,74.73901666029232,49.04683208315409,6.981975060690143,51.04193519271575,40.42811828821992,0.027825797190031757
STU0186,42.891070583787666,69.080898862195,8.039499179685421,61.906857110043994,26.71755146714298,0.0
STU0307,8.597281714620866,84.95426303866,5.932642674127171,69.32313488973183,44.79029436588736,0.0021406322466985066
STU0855,83.88002041123524,46.850954490716454,4.173630354361192,41.11670273790341,48.82127394949793,0.0
STU0672,91.94089540884958,83.53733445181877,8.0544525466404,78.46780140738505,54.68474731552431,1.0193281000895822
STU0691,28.023280334034006,72.79681955583874,4.005065220674079,41.67698703265562,43.27643540780467,0.01958599344163603
STU0030,79.80778700638662,73.00162256889978,5.815621220578576,50.251466301936446,58.26633192183429,1.008379351958092
STU0923,56.89382646324509,87.14657093143391,4.8310419214139,67.31156222493806,50.73704747351513,1.0141247731106529
STU0680,48.71056621096552,74.16950543787598,4.036083152672113,62.686881352692524,42.939581634041666,0.0
STU0803,69.48517103811854,64.24344526851606,7.72616284521148,62.79624838349054,56.471071511827105,1.0135599188659923
STU0580,28.3957163203792,74.18273337839867,5.130028282759507,54.972243065951616,43.830279999084134,0.0
STU0557,15.076779259177039,80.92395698194804,5.979692165626416,62.44096646538475,55.85153165671733,5.5810489938499434e-05
STU0813,86.31765117193012,81.37516344152307,13.416431198027785,81.83970819574286,59.38422389364927,0.9931314527750607
STU0015,55.615045549948384,57.00889423471552,10.296349299327044,46.5184145221157,48.25967235586757,0.0
STU0186,42.45515391647171,66.69720227427426,7.976700929021713,60.87298886257728,25.367674267462917,0.0
STU0364,77.53166196955193,78.20509367765975,6.986345736685948,83.49335401625686,63.82733415122187,1.0116964306393414
STU0344,44.299568486258735,68.94559832706184,7.127838210775065,52.44994817432212,44.53780712169136,0.03277685593141969
STU0644,99.09210343387245,65.36617142067276,13.218696848053945,63.297249540531745,47.87863838995294,1.0292880111642515
STU0043,30.08760439481643,90.35747166933477,5.789667946868127,60.010709884860574,36.89651152737728,0.0
STU0529,50.13078148068288,72.10812491142946,8.770619441952645,60.18964767227222,40.885512791496716,1.0322415931968438
STU0557,15.886953297613431,80.64636357419631,5.920127266865137,62.539368244891506,56.85809979892542,0.0
STU0200,44.08282459870103,75.55456419406212,9.074826750935614,71.74383647087167,50.976253471752024,1.0150236919413906
STU0402,24.465664234948402,66.0505868694899,6.063801336102093,58.76137491437474,28.12269048340046,0.0
STU0372,67.99362324582019,74.23845342918196,7.1373646123597005,63.68173038343333,47.30718067619377,1.0035507662041703
STU0387,50.69462026932036,77.3719769368764,11.845952156261937,64.50669146111693,61.98081955103707,1.007845882173753
STU0833,55.911847494835776,63.251766696968524,1.7025942294274223,40.36669048463651,49.00703558099654,0.0
STU0393,34.578956423650396,44.32897330288271,5.110173800943847,47.36266372841167,12.959585234498466,0.015212113026621153
STU0598,46.16378040801879,70.91347310741158,4.893654986339736,47.19900186374438,54.06395657014558,0.03366039891447491
STU0632,75.96931100428108,72.86364962702977,8.740814917286523,53.90753001267322,50.43036778894965,0.9956322411654343
STU0752,75.54527654703102,81.26799395460463,3.0186269928388185,64.61285112729273,55.26298911860936,1.0340163541387926
STU0633,65.02916868407038,66.28859210447813,6.101848175549741,51.88310754763421,61.82148776041994,0.9952559680639086
STU0668,62.84596053311522,79.87378186651671,9.984327184501451,68.58910676523554,41.6428282527098,1.0212472029184574
STU0339,14.50677550015896,92.94534446431902,3.9412097174639777,70.35787284427086,48.74504643157082,0.0
STU0973,36.956502485122584,55.44234412283788,6.979537001906795,36.31241871663053,22.144174499263574,0.060491052289308914
STU0268,56.31562837980039,88.93458980805386,9.952415109538384,68.12878529614129,42.51481413078546,1.0373998155941164
STU0647,34.12110334238017,60.60090765709335,1.8269032435745158,62.138089186368965,22.565134844076457,0.0
STU0917,42.07764087411246,84.80411528753051,5.908231021029402,73.07731078957208,42.05459306900259,0.9506801569577246
STU0878,47.12164072751064,73.75355820707541,4.066935242803058,61.85084986397072,38.96356216099771,0.007203282268004376
STU0528,59.66506733421259,94.23972552083947,8.04130531613529,80.20913023385523,62.923411214096234,0.9638889622201262
STU0778,63.65228437976551,70.41817007877296,3.0215798150084563,60.673878380200904,47.312019384534565,1.011125312474597
STU0768,75.323249293564,57.28070668144019,6.872217392964371,58.3461607906482,42.02551022200661,1.0102928196427867
STU0591,52.27356862642934,86.52295586264009,5.976693983193632,74.29155609108884,59.57612543608443,0.9764565108839448
STU0771,65.77075653035243,41.99884006040766,7.720452723997023,43.547976853447935,40.54810581900415,0.028034189589460672
STU0710,53.4280452039229,85.86934783870232,10.022917397576512,69.59750362341882,50.01850022224794,1.0201465640569198
STU0783,29.409681665011387,55.51063905012463,12.183473286968518,16.632658514577248,41.78595877988022,0.0244043008108851
STU0099,100.0,67.87526088586827,11.810713224828008,64.75867113637555,61.4811602397844,1.0002215217207553
STU0681,39.356639917905206,69.03877180991849,7.92476362372435,65.26883238810308,39.78104437333687,0.0
STU0919,27.1113737182148,88.12094510483539,8.04225914317666,52.506138982599296,40.538605458722536,0.02445554248781749
STU0186,41.74308191875206,67.50419956426823,8.160871971320674,62.090238013279745,27.07937456583751,0.0
STU0727,47.2069307258125,67.92236957082257,6.942445463111487,71.14332997905834,43.08738302027897,0.0
STU0653,41.567341781648324,84.13754995573177,7.9111112025914725,66.18625141758692,39.045154813571436,1.0338130624002884
STU0050,64.95818697532269,56.00976679350617,8.747179303612928,58.723702534423964,32.935577606277214,0.052503942770357165
STU0839,55.56312179982092,70.57003495361761,5.013282031848415,50.27959525200292,45.40030417273707,0.0
STU0606,31.653973208655863,72.52317722804808,6.262213935842598,50.74107074372446,27.73391146915406,0.05399731706611423
STU0557,15.333927956564729,79.4957602035194,6.035614371121013,62.03328818330864,56.61829980078259,0.00228368396239403
STU0456,43.23597370297241,79.63555229240951,8.99713925500154,67.76506562116664,51.323949398252594,0.9904852036472589
STU0327,97.48845308295994,90.41108997158653,3.0413571623736133,59.97820869744962,76.09279864987764,0.9842329065346402
STU0444,62.0755626230406,94.40100275542345,6.99857572492181,63.79775379871749,57.273085731808,1.0409416848421291
STU0481,43.993812212293086,74.3707348819991,5.8956044269380286,69.71671138579833,43.89329051742148,0.980489433661158
STU0360,33.00707499562398,90.17305130520302,8.105713726005431,60.76928659160874,58.76235721337718,1.018388301172936
STU0654,46.6006336926988,67.90108971716347,8.028989036829786,53.72046797258542,42.03793444792566,0.0
STU0832,23.833704810320768,92.10665265442465,5.0022616396361945,77.9342104797337,58.25041202227549,0.9884882188507984
STU0096,63.04176805085415,74.55182349712861,3.8747575702999844,47.08818327495063,58.84430437416252,1.0257654459380086
STU0648,66.30283318600128,90.43051829116351,5.167377677674823,58.08271973755848,62.333222395901174,0.9904956838377776
STU0936,41.38448249186969,73.90445592877408,6.085351534219512,47.216035822284425,49.73055699086309,0.0
STU0270,40.754557777308314,90.92305971098077,8.929001885274918,65.86629193653731,48.80148961274866,1.0283302371786407
STU0789,81.08330133946373,46.498693665208016,8.128639890359022,50.799582874409516,41.62657843511713,0.0399492024515358
STU0904,61.467647106154516,74.97370990632723,5.93610913338746,63.52196190177674,56.850829538503994,1.016123004326557
STU0306,52.37350318198084,98.18398363967825,4.899586396596895,81.0497252500961,54.963001417811356,0.9836249063169542
STU0625,40.30278983068146,63.53607032702896,5.902449888941268,30.153300384041977,33.52067652919796,0.0
STU0724,66.89537518816222,56.58611226146574,8.77258493473162,58.648539366187066,38.07763789785173,0.001998595505116898
STU0577,66.06880470250388,70.82126916601345,5.060548667657518,73.32392205612715,59.68814886938156,1.0080261185310981
STU0025,75.73995983077931,67.99621379826021,4.764870800005412,41.76573459509103,35.04409389586307,0.0
STU0235,67.27621147720201,84.36830275238408,6.842260970881828,66.0161826670401,53.84362797697869,1.0180824076458541
STU0458,47.47912469366269,88.84132052861713,12.733482940718567,60.82762851348434,56.39007027237453,1.0021385971621295
STU0534,81.66254511992422,62.3991364484736,2.988948172124935,49.909096814491754,39.10017035084595,0.0
STU0001,40.684997206676684,78.22372658404564,5.980698015768901,58.68671225666451,48.01106758006113,0.0
STU0744,79.1462939135921,46.838020626577155,5.958050386860991,46.12135891803691,40.995268377527516,0.0
STU0118,42.734762556994575,58.60340152198488,3.866127217906131,38.27373027104685,29.72097880289205,0.0
STU0427,92.6378019183626,75.65838454764612,9.849478657908094,66.75297091881384,58.00797076836283,1.0472488474903854
STU0443,33.546813751464256,59.60131226574493,2.0596276765475716,67.36292584050321,42.10003199914722,0.00595641032290058
STU0568,58.62548986922583,56.89711173579912,8.929306065953908,51.31705649418729,35.7871560334612,0.0
STU0374,42.30967346563609,87.88028014952732,7.040622170279571,62.08620096447986,42.02003705601137,1.0055177410815164
STU0971,78.4859788980451,38.209411374922354,9.886329138766165,36.45390140249122,21.49645252450865,0.0
STU0578,65.82456928915501,87.83847204798852,5.023249464507266,70.19803625464512,57.094208121805366,1.008121857169774
STU0068,41.60377905221149,65.15272957955487,7.167348157925503,54.463206375998304,43.93859559590731,0.014519378594557203
STU0817,60.894303181729626,82.18030332531038,9.07526695311821,68.37178233286876,56.82087931122505,1.0302415686701984
STU0172,80.68419732268111,56.8959817898982,7.947043769015181,56.89607104114603,58.18984186278509,0.9993926206483026
STU0028,71.85138514161103,62.43751978407506,8.03302578013057,48.35221274132373,54.44136310694937,1.04098865461022
STU0726,40.92682228090949,65.59759902525236,2.969097251329891,49.1973526595708,34.08648897218028,0.02270867825441351
STU0665,61.694121954081,83.54578002761917,9.001011859599423,53.669917772752946,50.0841201233071,0.9823076915693738
STU0196,48.75138218515104,73.53798614262163,4.958189727581496,70.33159629269593,40.013185792160066,0.05526613307426618
STU0001,41.57995528428735,78.25095362180762,5.978898444384236,59.15655698116825,47.891613017358296,0.008177783990620644
STU0808,68.34679041559875,52.12760468018884,4.027233967679146,49.8047705244872,20.564463761234244,0.0
STU0463,40.70482346364879,64.67468722817313,7.872447210975291,38.569494464028665,41.575455369372285,0.04133759234386565
STU0112,63.81641811312044,92.13506159543813,5.869555501201878,64.42642360957403,50.51104968136457,1.051963001159812
STU0656,61.70765324919876,68.91099781422695,3.821703403317251,70.76831717549726,51.358169696107346,0.9991740733805256
STU0199,43.76778785579133,76.01490239788718,9.794516278298058,51.884363702062,31.83226579137814,0.0
STU0240,85.72273979658998,63.984754310754,4.843694123291443,46.42660924922126,42.2037926184979,0.9956890861765497
STU0370,39.67781984903928,72.14347206414544,7.020475873917748,57.53664688566784,39.44279985410704,0.017874678141938646
STU0892,66.20754028330963,63.47744887183352,3.8853611110917385,36.54019415139365,45.06706910716213,0.031957831926020266
STU0887,79.97801627452678,89.06106339461809,4.065950957517842,75.82938025392158,57.630631593028,1.0142672796388315
STU0654,47.4717493786504,67.46550127897548,8.004457438660129,53.93212295552493,41.60300864423178,0.002543988941575542
STU0801,69.22177467396634,64.53917981098905,8.747233096426715,42.35679446568961,40.363671178167344,1.0374636765322052
STU0361,90.02827189887472,53.09726473193151,8.084102512562405,40.36551324032224,36.47545731435339,0.9921762934936776
STU0488,54.39661376705716,71.50383127179988,5.104111061418401,52.29612078574798,41.64226026017469,0.02578219303011488
STU0602,39.605162905133916,73.09206113885513,9.872382497746187,84.5921045681086,29.086341933866418,0.0
STU0211,66.14476602898303,53.69938464885251,5.053954934147562,47.35500586951272,37.06132922549786,0.010779424432421405
STU0091,82.7354545920127,67.85054375191865,2.8900208564919527,31.10841747056422,55.67311379205217,0.9971599213852556
STU0568,59.04045111766046,56.79378489865339,9.01254142029922,52.68140306804252,36.9426116859532,0.0
STU0226,77.76536491537894,73.08130056572459,5.837631362575991,74.99884663473487,61.02367063179096,0.9905619657347909
STU0323,81.86504124956387,68.74642409434784,2.7697551457139893,51.142232939262655,49.219053737962966,1.0336333648412834
STU0797,50.32385645013325,87.27836236772407,5.9508441409510136,65.35861298113606,59.88145547341031,0.9816703015570106
STU0116,79.51202947935825,73.46132295348073,4.9841125142538285,54.1561903638254,51.01577299873611,0.9814875809269811
STU0833,55.686670349438835,62.95388347889152,1.948935712668161,40.01219649431042,48.65578519994017,0.05304378673978094
STU0879,56.20515155051998,77.68802693975351,11.847963882477368,68.3952121150302,60.315648554270005,1.024454924578176
STU0543,75.96241935654479,46.03057189394265,6.948650733391011,42.454270510628845,39.94703744125445,0.0
STU0084,76.71259376468912,52.560027326235826,8.034578945929448,43.81779443637294,38.576349176862735,0.0
STU0178,66.44845969690284,63.330936452084906,4.994235484923714,61.86969848875768,36.25170811166147,0.0
STU0726,43.42472081265267,65.99174764649676,3.0234341486742,49.00176843621117,34.40838138796876,0.0
STU0900,79.07791732658185,74.93505001848423,5.913953476401061,62.93120285806914,52.55867867777686,0.9215090958708025
STU0130,41.905904390947214,56.614174941433106,5.1504551055275,57.548010389216174,32.68860914746481,0.0
STU0149,62.41361199521294,70.33173649799859,3.84897279349625,73.62148421887319,34.15620131703767,0.9714412531465201
STU0593,58.95616113507297,64.21958680163829,5.062605457361272,60.14097590315934,41.26344161925163,0.0014981665749825015
STU0373,95.63262304811145,64.9306314891365,3.1517613982682677,56.037821185828456,30.843740844861216,0.9593574507388467
STU0222,51.87539598841131,61.73290868914593,6.061751277278279,54.34511807042529,52.20292571451996,0.002073537010521458
STU0067,64.32236454764725,45.59689432622716,5.9739947613907605,45.22750242092201,21.29433931907048,0.0
STU0888,72.00422876518479,54.97739792062897,6.932163717130842,38.443316482625775,46.68239473730752,0.0375622416124121
STU0550,64.50309098884352,76.96469525357439,3.133039424349559,60.93803407110623,54.41284167801587,1.0352965296989631
STU0229,41.05240936555443,68.1667004665655,4.817282095072265,47.86110125369938,36.23912340297788,0.01964065584824328
STU0081,53.902648035375016,43.08641043329472,1.8754306423610798,44.878387717285314,39.31025744073664,0.0
STU0707,75.69210509413848,82.16987263441749,8.948951368918156,48.048529314383956,63.30271510650617,1.0496522459942341
STU0903,54.19587739904573,72.174565988074,7.158921634938118,61.94997691351074,54.021114169556576,0.9611602442347494
STU0468,46.83484061364824,60.26678505041939,8.048764279387418,59.49688862115499,42.55564824199104,0.0
STU0390,41.49851534161117,84.31618023617443,5.875697533576254,74.53425970936102,42.36078093617363,0.9979046740383946
STU0812,86.87610110524896,77.02600808302783,3.9601547625300313,60.14551968537608,71.44710638792944,1.05637108885114
STU0716,56.60934182428534,59.526921130778746,2.921117487142472,60.07089444028495,29.37329879569467,0.0
STU0117,48.4641419998828,54.62770163607957,6.9088591405939,52.24181341771286,35.74181077186214,0.0
STU0554,93.50403412416915,69.58025704108778,9.125694870738666,81.99512798863621,53.708845991968175,0.9639393599965961
STU0871,31.20594136760886,67.76818849553969,4.8238605429874655,60.89924035114529,30.330451604781548,0.023656689958858453
STU0585,50.97732060698359,64.50315506074679,4.206576421150625,67.07330340364632,49.58994592541353,0.023837921422417797
STU0209,64.31154882185284,79.40122024389908,5.106349304617334,76.23229001318111,53.6428126407414,1.0197339291258194
STU0992,57.44694386207177,96.50119381965985,5.140072713496356,70.27240536385544,53.995219559566586,0.9842638621256363
STU0005,32.46576746686824,93.1076762499024,2.9405559885533696,67.76668872215906,52.11297432389385,0.9823260175265072
STU0636,57.19591907790757,68.07069047523689,8.980746776652826,67.90482376760554,45.67067157933948,0.9676603918165982
STU0335,46.470615223262286,76.25127004074429,5.815975325815961,66.9556423817187,44.40079144111479,1.002097561807061
STU0241,51.266724048902326,84.70463675617069,12.93263042509624,75.14033254896665,52.46201127395293,0.9729801651031834
STU0756,68.19006654949531,59.45946219365928,4.0633880315931705,37.587898555357384,38.19983869115784,0.0
STU0122,61.33694264464132,43.6963459532846,7.166421714886771,43.23951500095051,28.866300860184374,0.0
STU0257,56.16055167030325,61.50488217728228,6.857834898984321,39.44061602608394,38.12645658361941,0.0
STU0952,58.24328522839826,79.84321361435487,9.953067002194494,54.60615608617255,36.759096200110015,0.9865457308249577
STU0666,9.125985911917914,51.03644783745812,3.9805723375392557,71.49294951668755,18.202901264839934,0.011665281837316408
STU0056,61.567398823654145,58.53306764168031,8.820772893311197,47.350969943616086,46.7893148697736,0.001976901216028494
STU0464,78.76721459406845,56.165570724449374,9.075932535856055,33.71192754155369,42.41800264020592,0.0
STU0047,36.95078456695759,66.27470723997483,5.9070356095139065,49.70715668733869,57.84854879960606,0.004576958127691934
STU0446,91.99221191963561,91.90671827415295,4.974910790783193,66.08208353133352,59.72510391164469,0.9752029663069138
STU0897,47.9625252481718,58.36935753517176,3.9419671837478383,48.22584270455537,48.61992700634113,0.002632906089320203
STU0105,76.35062004996735,73.76261265599291,5.898644540052337,70.1685611367284,51.9620842953038,1.0037664077070159
STU0819,54.80602035084261,65.85337681106958,4.999095384630888,45.637867188209775,36.22708992009721,0.0
STU0660,79.7813184365556,38.12573759376018,7.972314529385642,51.13191947003939,25.25535806083813,0.024901238747468354
STU0077,67.8094408360862,67.77479823183869,10.952251377044941,63.14022983186824,56.42254510745142,0.977956283206976
STU0545,55.23971329593365,60.93658263751178,2.906461470985361,65.57562142548025,54.68989080138938,0.002258551749877587
STU0158,58.69492513680963,62.50399858012838,6.041028747156209,57.762871827727075,42.89802869421348,0.029120695619668156
STU0833,56.99668772178503,62.724652905569556,2.212333666241991,39.99249090988123,49.33133875823285,0.023150188344197978
STU0485,76.71634390068184,82.29404339187921,7.0179622997262605,56.75587269512678,63.73294505694851,1.0008586414266532
STU0741,51.70646370741251,60.293982913953556,8.127907126160672,47.11963444833316,35.12788849186734,0.0
STU0872,75.40850131754533,64.42724659242388,7.821487762687083,30.197989715849637,53.23297088531567,1.0236962621769479
STU0024,76.6719164869603,79.71610043115936,1.0202574473762007,80.06968364457666,58.97251809595683,1.0168734017366157
STU0340,63.14794475555995,68.89924762804931,9.859091796617856,70.38476366192025,55.29370766778807,0.9845353504231439
STU0480,64.83526363963846,90.14256445083922,7.810354614334085,58.085021363312606,53.748609271680955,0.9801205577558817
STU0342,44.63114344213068,54.16742853168484,0.905060593734958,52.47252170028768,42.64672987797694,0.0
STU0893,60.103299342335944,60.73888843529235,4.153046512206645,51.873953465143245,36.69889136512698,0.0038521720635887003
STU0482,51.603288555465,75.39997755284587,5.121987323023828,50.94785676310178,46.92682385543284,0.0
STU0583,59.86135558547341,68.00436325842263,9.031203159601116,49.86822960202606,49.984690581324344,1.0284149343697344
STU0054,36.17733984703482,56.12014219219197,7.803192712525728,58.350383419802384,46.49955276840696,0.008979584904500145
STU0541,100.0,73.2802749611157,6.974796471278045,53.17575937137251,42.396500489553745,1.0333676490006167
STU0336,59.59163628074171,75.57629726429464,5.038739961305409,51.898495785552925,61.75596393268366,0.9825596644981813
STU0450,56.72110068731931,82.0472925566259,6.0225398294362895,57.20191954607496,49.83797153150064,1.0284639257779182
STU0205,67.46553141125705,89.02478374999497,5.763246635824696,44.76508161973879,72.23479679532261,0.9867723655233128
STU0712,53.6367698601949,70.05180835991546,10.885678230148683,69.69745295968984,58.361781013886784,1.0194468480883714
STU0948,81.96780099114191,74.2128847345458,2.991772058235282,53.91808142870272,69.46890134584828,0.9635180085765925
STU0611,75.60034828609044,87.89858060314783,9.06886273937733,55.19096998833882,59.549109194546794,1.0058804830318309
STU0682,28.93122929252997,53.37843331888236,6.718004957570772,46.73481287313344,33.225205456003415,0.0
STU0278,43.11119593408207,46.530490713181884,6.979182378682612,42.6400716291284,38.26915690665549,0.0
STU0516,58.530891408235355,65.32649799802249,6.018368258688723,71.20931420763469,37.180947883743386,0.011012783686575609
STU0281,57.98633931140998,93.71255083781703,10.109094910800781,71.19758414135245,63.43625759726914,0.9869711322209391
STU0029,65.31667260722783,73.07100790427994,5.088966772328666,53.45197313723846,36.09118987375672,0.0
STU0156,64.65707897024987,68.86179852824796,3.0748054016652175,58.21464900712186,58.32197270628785,1.0211605204111218
STU0893,61.18354848335916,59.94955709039849,3.8972831840838444,50.552981521088405,36.13872368812855,0.0
STU0001,40.03594329122611,79.78810632680548,5.755001899960604,58.027899457650804,48.42748346144723,0.0
STU0466,79.327980025912,60.03349200879049,9.949529837088926,55.2465255089075,44.16743555052217,1.001047772300096
STU0763,46.71861060526601,59.25844002408249,11.128615104428068,43.63199403140544,33.37406687324987,0.06594028285653769
STU0635,62.51954851944801,63.288723269323725,8.17892732145966,53.876112568144585,54.56040538938179,1.0288478758978046
STU0088,56.56270092422272,69.71820520504984,6.091238461771391,60.37973593262572,58.59232961446579,1.0290747273908252
STU0753,30.340441646400517,73.36360241005586,11.055129752639779,49.89351651402251,37.58629044190785,0.010892548865758658
STU0588,59.55645008179716,52.94097339911207,9.048747845059765,59.23156345645152,45.52521839639042,0.004163619086877228
STU0997,50.95268528703079,83.70079786369577,1.9285912558996907,65.51907745339557,51.80751625216967,0.9400765377322005
STU0142,29.638420728849255,86.42914936311989,5.983299534004063,43.80880979623472,64.5489326402431,0.9830194257642915
STU0858,67.4570530583868,87.52470795213658,5.214317822137051,72.42714918497913,67.93461884530727,0.9879813465269282
STU0827,80.61654061839914,27.622154044268623,7.878970302966171,45.300791488560634,28.60733562587183,0.0
STU0722,52.45012701275351,71.94484344205857,7.207346589403878,70.12089560466664,52.67234080774164,0.9710542656356526
STU0679,70.91026015698488,77.06362865430764,10.958649791593682,59.69708006888543,39.64796706720209,0.9504613927067077
STU0186,43.39196496100745,68.9763915264287,8.170192864117594,61.71522520922034,26.631778209608104,0.0
STU0930,44.368311623743566,54.828822322260194,7.819357118250687,58.46646493110175,42.247883640017605,0.02047646360029831
STU0693,50.898310514419435,66.90203982186667,7.075233362320476,49.18017929706956,36.55720652135666,0.027679250177989393
STU0757,100.0,62.620635443676484,5.905394611483462,47.852823318166976,46.839661099588454,1.0103733169698417
STU0932,51.51135185907768,65.10312799943807,5.8182718109570395,58.712139406486905,56.16207386501221,0.0
STU0629,57.54230746880867,79.82562564949004,5.0280609880580815,47.274938640061094,40.56871662778043,0.0
STU0089,95.28952725930525,85.1866777387556,7.129621799387639,67.47345033087787,51.67178011513952,0.9560625877788942
STU0388,100.0,64.46432367638447,2.891504813819513,46.7892210039414,52.87719271058054,0.9682640992936888
STU0747,91.00303728404133,87.01847684537982,10.807518002681721,78.16945096165358,60.64620802624141,0.9777705670477109
STU0784,69.5827880199152,70.6230638939181,1.988206620777398,69.37915187677656,54.304388555543554,0.9960048604597772
STU0023,77.79568946421661,55.32581531334752,3.988772816859091,53.51493672249939,26.30874683662995,0.0
STU0506,55.399039329466206,61.987845963684876,7.070407293761055,58.31219891477916,34.965248630440676,0.00847742553452847
STU0726,41.70786109380814,65.8706707479315,3.121933231239871,49.42774845138247,35.39306038161391,0.0
STU0292,86.79924627511095,79.3267358989387,9.992370759842437,88.21309485817302,69.93465281092824,1.000263737002138
STU0289,55.257777144552406,73.3038565369926,7.238256958887262,60.919390460476045,37.60370321877284,0.028516450082539134
STU0375,72.41986329860443,73.92989212677897,8.028792989957964,52.16553621168208,41.95971334153557,0.9704836632130462
STU0044,85.7849219018897,57.678798304926815,8.955516907385157,70.27828885818676,34.204029728625216,1.010471354894969
STU0631,68.72907475034197,56.6862609712635,7.793065776298874,59.081869831223386,42.863897038131334,0.9996505444602536
STU0652,56.31468073688862,74.47900848622488,3.966273054844822,53.92496830682387,42.06446096898702,0.0
STU0501,59.0961202784655,90.9636620411402,9.956806042875801,61.864678860295605,77.23087112058852,1.0221393163327899
STU0684,97.38766449544062,76.34298736686499,7.123308483764279,54.65996148110357,50.23418639509168,1.0219832064115633
STU0320,75.462884317907,46.21434591333066,6.059385472893939,38.326215647463854,26.146636761427573,0.0
STU0307,9.743273144918264,85.89639080103656,5.848562436894981,70.19560173337118,43.51322035847543,0.0
STU0221,46.6607723475311,76.66512186378438,4.022118422497044,39.507680430846776,37.83477648726088,0.00703280422907867
STU0935,55.904222858222376,53.00777736068972,6.086228342196146,33.187790094485415,31.288232110533073,0.0
STU0571,53.10316580100455,60.018015562843765,6.196207736127101,60.76225917694199,33.01207899485269,0.014630759511866742
STU0998,63.937239244013426,92.01098529743172,5.113960451911076,62.338449915167175,58.37131272499932,1.0070323124365623
STU0718,48.98112625228463,47.1230157085011,12.097696947556194,52.55151929870265,25.574347749301744,0.045830401933492464
STU0532,83.60405682710739,71.14878514226564,5.0077153763265105,62.64277906242427,69.34946709521707,0.9617293510712499
STU0673,74.05268230297084,71.57824357256011,8.049861423999593,55.32143295806225,41.07135969115086,0.996938006491855
STU0755,80.25202150715563,70.00410885601057,6.160443387723071,68.77298838526163,43.968084778820234,0.9772793212345241
STU0367,58.31424811636646,50.86683348850309,5.828863959948037,54.35551773657758,38.38322851219556,0.015108083093808155
STU0438,64.65836764569629,69.75050329346544,4.9551300443634325,56.29880671474028,41.540428498627804,0.9595562559743245
STU0683,51.880148891469545,83.90569748866925,8.900797870236945,72.15667702548373,47.10255657100708,1.008660911490849
STU0186,42.5868213770799,66.59889817521749,8.048685371941964,61.179306241974935,25.915697838566736,0.0
STU0891,38.586737337008486,69.45219365033229,3.1579673784407802,49.747916854065366,36.28300292396954,0.0
STU0415,58.367284050931104,80.76897717178714,9.923345177044954,72.78375397468292,45.104425461969065,0.9638246228259932
STU0029,65.49106549601228,72.87954056514012,4.693071607650911,52.214706714589234,35.006117979794034,0.0
STU0152,36.486927449546144,79.42693794799077,6.9470685606882565,62.29906217349454,49.01724556409781,0.027122201488154904
STU0126,13.01377881441306,94.27134756672581,5.117295114311341,67.64057496384946,62.01092524904132,0.9993700578922495
STU0273,50.63040472217573,67.2247914632883,3.06903467359092,54.73075308438406,40.77302340155196,0.01569761774039329
STU0295,58.276353857456975,83.01299645252047,11.054981498781105,57.144387577526864,48.15607173821571,1.0416309163895634
STU0489,49.59025240676441,53.0837190982421,5.964047300761188,30.751651297782793,28.730569106077656,0.006596245843480606
STU0936,40.67090907050082,75.9871196632472,5.8357653305680826,47.67972001897972,49.51090280097884,0.0
STU0645,60.39316775963018,50.64939041539439,4.066166660562249,47.08567793278685,35.84364216409119,0.01168547951062295
STU0344,41.44544437302057,67.43838053231205,6.892873569489769,53.4675752759093,44.30696796593476,0.0
STU0542,46.304873326343035,77.41579756061907,5.280450183765115,61.157106254338956,50.44396306905556,0.9873849267294397
STU0762,40.059799535572196,69.79318053626308,4.073256302698053,48.43352512277644,30.951910012942253,0.0
STU0098,47.97227248563414,53.63576278211123,2.925441524331152,60.67730889039246,46.198198833505245,0.02316471186635983
STU0478,65.12312791378471,48.987414664527094,4.921494729440835,59.13859734556329,35.5334636907058,0.0
STU0182,35.8113687056347,70.92722858464366,10.988065446266045,60.72425343170373,38.38106670219342,0.0045540828941157555
STU0394,65.38215611717438,53.05219348427256,3.969246619430112,39.35558608972217,34.68160600813179,0.0
STU0609,58.26831780772638,83.93302597584838,4.143407676407116,65.00282621886232,50.209508776221995,1.0109025852188884
STU0733,42.90270443038975,66.75061266548153,4.023936874343742,46.49072816840968,32.45727291023098,0.0
STU0138,68.96941252293544,76.78114635496951,8.906054410278932,61.32319179630268,65.8325198578688,0.996456016022791
STU0407,73.14621324401483,59.54568155045423,4.242743111807327,25.56612139123288,39.562093488908125,0.021953492714685992
STU0339,14.180999251853477,92.01863712178583,4.00633146436449,70.11586117330464,49.43407795942389,0.019776046941399
STU0449,40.34473491712224,82.37595442355514,7.098723296050014,65.19248628760958,52.14037364199317,0.9994490513845643
STU0782,70.03440754694815,75.67818271715191,2.921900329240599,66.58975613678263,49.407494986594685,0.9557809288358148
STU0158,61.9978273925266,62.734806392300165,6.046626068787401,56.262235213640444,43.81832804870626,0.07484700009809081
STU0570,20.79431349949722,45.262895530205526,12.03994825542925,55.03998613116969,16.20890518565278,0.043662070639050976
STU0014,74.1887467347026,77.35312377849715,8.757358507468785,58.6240498177295,50.06569098593592,1.0180733265347317
STU0366,64.276027644008,85.22784190282137,5.258772547217347,73.27669230862085,64.0011636620738,0.981163176821619
STU0256,57.74479932519368,72.30753798714153,8.165725936360396,51.560785022637354,51.26265682938144,0.9971591811980679
STU0576,58.1712307756141,53.14484795634217,6.948997909432622,50.94012274467514,39.51230886316876,0.0
STU0815,46.558698415301535,67.83867093015495,9.858462426803273,57.04772644527871,52.90850659818061,1.0316076889542674
STU0592,70.37216016996423,42.97526300413435,7.044628846777331,34.404744390597706,32.00582605927754,0.006564917303449052
STU0152,36.58463980623011,77.81737584871453,7.011132467422882,62.450668786224476,48.92513230175985,0.0
STU0420,60.79315961135061,81.13305353028734,7.0456698737100885,63.470128927280754,54.62449346594683,0.9882269170983129
STU0592,70.03175826543342,42.44741744463179,7.024599604562714,35.468639188308664,33.68380407580388,0.028039719538683512
STU0196,47.50267241112524,75.43145710813963,5.065004162274689,72.07046173997094,39.76145355301813,0.04001674041651777
STU0012,70.54302398558264,60.877782482012584,10.185842111823728,66.42646224204616,39.98887741914999,1.0382219422193006
STU0561,60.365645305041745,68.81236419388843,6.0729476152959965,73.30276001444369,40.32492845826939,1.0189325644643807
STU0647,33.64393568601454,62.17279331485382,1.8652183884256202,62.19714490110512,23.039384811605125,0.0
STU0130,41.67910652495134,56.52180296450389,5.174960658378569,57.830174597825724,34.48350078789314,0.0
STU0557,16.061149790499,80.9028848783578,6.210664046507626,61.7808443520953,56.244851472640676,0.007431655231915317
STU0277,58.062200747213154,67.24548093935293,6.404741638463865,56.953371348862134,26.361942615400963,0.0
STU0649,95.3809782231704,69.0351040896303,2.8557371094121,64.69617588917411,44.32338524152897,1.0035008029181356
STU0157,55.93472810931227,63.25251172245696,6.031187403094463,61.06810817463569,58.62783631357312,1.0013479151600964
STU0582,83.46206059527438,52.01342005405232,2.732646931336835,57.3034419834771,34.49748616101497,0.0
STU0225,61.42104370546762,68.08272187309525,5.071027432157715,50.25290861397879,50.469018152623185,1.0139401934511585
STU0356,51.52132428066321,90.6380983659947,9.929608028796872,71.96349507868798,63.10502117140703,1.0158110556651094
STU0612,74.676490958471,77.050115959506,3.2469811516937654,39.64886131559389,47.48336667855664,1.0170645651277272
STU0051,62.503552360199855,75.76872022426,9.900535124031487,45.9078757831919,57.969479304193726,1.0236728812000528
STU0676,21.393198864389802,74.35411665880795,5.783099490892232,56.01469187002703,45.081121051530566,0.015106687332297333
STU0688,32.50012750646999,76.81283453479507,6.939487111233715,52.78370369604632,47.50943890749554,0.0
STU0536,49.298123252291745,77.87217235081582,9.74633636871656,48.44960616412991,56.441337421031676,0.9982284459912153
STU0422,73.02282960817456,49.737704549699316,7.096445352819343,68.54654308314436,43.124774265530775,0.0022789357323453364
STU0212,88.8510842815827,75.00133051673936,2.7348318364469053,50.11229780384009,48.73948316003989,1.0026934483453405
STU0894,63.80957578351693,52.86991800210997,15.003654111903723,52.07542519226214,34.07241399893388,0.024964358834417697
STU0871,31.22263144229602,66.92575175416829,4.733197391030349,60.658863257390095,31.54965076219041,0.016097468948606457
STU0828,49.03864710805876,87.89729715606327,5.9588719781642485,61.97480223521989,59.918008954116175,1.0519521436407218
STU0518,65.20803978912089,70.98983977840962,10.211018907151432,74.41315134348312,42.34425847157158,1.055181435673196
STU0551,51.76650750436897,40.970350118958386,9.046309197702579,36.45050779650757,31.189383335853364,0.001991951103539621
STU0478,64.34075421478306,47.42057152938431,4.889122612340708,57.9316944521156,36.326150795544685,0.0
STU0974,66.630214314889,82.07270320057862,4.995993298248501,49.07975264989775,54.989363576840304,1.0309318607196958
STU0155,74.33816544391759,66.53712644542419,8.002313466706173,60.66966247534879,54.84248089001452,0.986485764150335
STU0659,87.07051735344714,73.32692637943703,5.060688368476976,54.96278840671166,56.0134712738922,0.9799557420118681
STU0339,15.453214056424592,92.21428555283171,3.8244877741428236,69.58653574239285,48.79305831927585,0.0
STU0181,51.9059011279018,82.26009104463114,8.076088937959474,53.29363527072469,56.41015038335042,0.9888299338076493
STU0954,63.6691267960882,77.57702256908824,6.6527410537893426,54.09248096944117,50.907474828715415,1.0153122148776987
STU0857,24.983700441608033,71.02677084784732,11.919119315659694,49.18657568645662,39.103751174606856,0.0
STU0624,57.06947244952908,52.59293489811881,10.937302919440162,42.671038672658,26.80263943520132,0.0
STU0042,51.177404815327506,73.198444048924,6.0813226914543055,76.14819554095571,38.02970361643752,1.0085820294129588
STU0690,59.149871087365234,67.14337444768465,5.0029059275145595,62.504876841664185,39.21381041514,0.015579165742021962
STU0875,70.75716329888921,81.80070485914902,3.8195178763271445,53.16658965808401,58.51853986528862,1.0160442722442276
STU0657,88.54460811654191,66.18906602074509,9.873521397234452,57.77715659358805,52.40772799850934,0.980317062150269
STU0606,32.04151160166618,72.42576229464217,6.025511619671618,49.557739541306915,25.95693672195739,0.0
STU0956,89.1591331622087,65.11911080105865,6.989847312979855,55.678887277535466,51.013934241593034,0.9873296032052399
STU0298,58.773559531790006,90.55430350630922,10.925637239190054,63.27354066052911,62.76855322708722,1.0059989616761547
STU0585,50.53433442597406,64.35291644688257,3.938258263671135,66.28837025510552,49.04551970701869,0.03715020453212358
STU0301,47.25675505761867,80.99328265794654,5.089391847783467,67.36493660192835,52.43236503773334,0.9487957798675133
STU0094,37.06118127843354,70.79715165614434,2.933525390622103,48.639505114561864,51.56869229028538,0.0
STU0351,50.9272669263228,87.13602788510434,8.988688593687966,54.80671116629212,59.419913386923184,0.9666711336815027
STU0313,80.14963423614437,47.397805064377465,7.278631942250988,53.78964650253662,26.96966141251387,0.0
STU0182,36.694019451138914,73.15274775625404,10.817191220958733,60.98016313563264,39.20236354281923,0.02418255430296298
STU0743,30.370540942954673,87.41447253166066,7.762213080383863,51.126599133907085,41.10088188333854,0.01362047968847848
STU0440,83.56598264035465,69.58654981646066,5.1006172767581965,47.60722187697319,52.71755596024625,1.0112398528489253
STU0537,42.136123212837255,53.10627358665883,1.912858451577704,42.737083780223294,32.50362548258219,0.02303387384631331
STU0491,82.17518070060147,77.010444646192,6.959136529178249,69.72008705936226,42.270174517324634,0.9880027420804707
STU0723,39.70874884766905,94.32194310230024,7.899695170800843,62.67858049054771,50.13441813628754,0.9891801971860861
STU0713,41.70998477999407,84.73351410462914,6.966640215102707,52.768352847950354,55.62321090290525,1.0546627913309328
STU0010,97.11249829281864,85.29209948361127,8.205261195825829,56.093092288888045,85.1045842252688,0.9938335209361484
STU0614,64.15508653757247,92.73841409355353,0.10299776112686204,81.73199119193528,53.759445487290776,1.0183848700242843
STU0855,82.7269290467046,47.162721825647964,4.110714300634954,40.6924367122203,48.794171609720536,0.00015959553266932245
STU0600,59.028484280609725,56.970988469275106,1.818148559090863,33.00232779398437,46.89557570420476,0.0
STU0525,75.78191936292153,51.998205195073055,5.852185449470239,51.22203939664212,43.94406428098982,0.0
STU0506,57.73161163365733,63.632295761970134,6.635446489339349,58.23998866346788,35.07021693130073,0.0
STU0961,47.36919385715695,75.6546726344095,11.89607099514439,53.768654603891655,32.21306657192979,1.0264119658217246
STU0354,29.95970904963463,82.96631416326409,4.12284601699635,51.17477846951874,47.28045821061754,0.019714333507036375
STU0809,60.52383449225089,69.3438795301367,5.066378811488801,72.07694485552936,44.942332661859815,1.0228600948836373
STU0711,55.370381516979215,75.41168594848625,2.971556463433201,56.83611632870689,46.542643583129475,0.0
STU0985,63.903234373684796,87.44904147029877,8.997136519380685,58.048086442728625,72.35086477370514,1.0404112474195908
STU0479,76.22022763545783,79.1685824380903,8.911543259940974,82.10520846743381,65.36757188084091,0.9758690477585976
STU0288,53.20468227569164,63.67573019283002,11.026292180799263,49.31117543014567,46.138786245242564,0.0053225112031746475
STU0588,59.06994432038764,52.57830860391703,9.09834303624895,58.70304475597908,45.66807039625462,0.0
STU0291,72.20553508685268,72.4991873626091,8.792511137649347,71.29707277714958,51.132886830990806,0.9956516012151488
STU0148,61.052503243956096,83.86625716903005,6.038476431851399,62.52648852934291,67.9202875547831,1.033476761579429
STU0957,36.82574956849903,73.42193060020072,4.119729830145158,46.18790554873499,34.74762447594254,0.0
STU0792,76.91749186205386,53.02004309319716,4.946698811210369,47.79141657037248,39.93130653190281,0.0
STU0339,15.440144961124322,92.37923504703082,4.089973860786556,69.29781151626851,49.320817078611064,0.0005000657819859651
STU0131,61.75900084403093,85.19662920309864,9.361417305434943,59.91464754238505,51.88289834747451,0.9900007598477051
STU0041,35.906770835900446,47.00014916395389,4.986601804297171,49.06541864064855,43.696592749390206,0.08446474434589657
STU0720,90.32389550818044,73.19632111454138,5.050502815541226,66.45468152157761,52.58150813672612,1.0169187303940976
STU0429,69.08264544503072,65.25011849713333,10.905229360230024,53.83395018668189,41.23149714262153,0.989762828833861
STU0796,55.42721071906748,91.64726673941666,1.02327365866287,59.42425824727025,60.573292188006626,0.9735877761481779
STU0930,43.536650009312844,54.35192481794429,8.059101439892896,59.94780479110327,42.2477439399234,0.0
STU0191,32.3708325511533,74.23969571562128,8.0250188415645,59.04785294343825,46.067324793866995,0.0
STU0793,69.58580599163717,82.98252349942567,6.869065442282788,44.345611974080356,49.20233190144204,1.0028745711099103
STU0463,40.14013876388706,65.0952907666219,8.026498000663524,39.87099718993365,43.48488663776088,0.03569596712689934
STU0521,60.349298679212005,62.61043544479972,8.187754101476665,57.17569716359583,48.84358122638608,1.0280522490097443
STU0736,31.3905993665792,61.31850394764786,5.057607330608916,45.91918188792236,18.268429223926383,0.005729417377178408
STU0002,34.57645562293178,75.46166527997927,9.123524512367782,56.14946263763301,52.41875768553208,0.0
STU0419,46.49067530495592,63.52951576893106,9.969566343134586,45.55209502393404,41.886004256323126,0.0067227103071681735
STU0428,100.0,85.186070733646,9.0962913669242,57.66879624567988,60.72411660030446,0.9870294168842717
STU0739,75.74722260633632,70.30836238047169,8.035859545665035,55.27226472545497,51.849263556429634,1.0429744506538843
STU0970,45.21650017082388,52.89809306578411,4.877897766701825,56.04175727500439,40.86727008564538,0.0
STU0343,76.4457146267955,59.223740966784895,6.040899870854453,62.066481107272246,49.79173381193088,0.9978407822568834
STU0040,62.54979037396433,60.04100243842626,5.872660625671729,50.35994242743389,39.45364334079454,0.0
STU0307,8.549646948310329,83.67160141727695,5.91873464820487,69.90768872926402,44.658953803405524,0.0
STU0402,24.86162663993385,67.31116372678355,6.0243108090225945,59.09010390908874,28.91436020384615,0.020919576060921475
STU0790,43.75054319282609,74.30907710777998,9.038167820050516,51.89453662424574,45.25506942520439,0.0
STU0370,39.59946404642545,72.67889760311941,6.847295928667907,56.90069406558699,38.91932644961488,0.0
STU0914,67.21325671992528,69.07654982411604,4.13533764264944,62.822293378710825,44.18002625272619,1.0198248570142103
STU0787,70.85520403703308,66.79722114109555,11.07344879162741,61.328194641538666,42.71581558982308,0.9630703779052535
STU0980,58.13874930903251,61.82821467218731,5.909508944246405,66.06121353402477,33.437997729916404,0.02645447490304951
STU0464,76.76390917918857,56.17924156184795,8.802565549351288,33.923634383548446,40.824802292828146,0.0
STU0055,40.89015405407356,86.06984777753097,5.981393445074708,60.330137221585346,49.358717136216804,0.9902823232689162
STU0182,37.49291848141007,71.98461723778095,10.942738343686962,61.57157118916955,37.44627715912519,0.0
STU0121,57.365340849113196,67.71463926119326,10.014527864762966,52.28848473276618,34.803836701063496,0.009454533733070617
STU0196,51.05131996208498,74.70721089637216,4.953373798516865,70.47377791918983,39.58417723641709,0.06151877454143523
STU0531,42.737868089241076,66.75315403337537,9.742231359585844,54.32852925082125,51.2450968416258,0.019544412380694855
STU0605,79.0298569261356,71.68195692288975,3.9501340904243696,72.41050107585363,43.71393543584503,0.978385147482311
STU0019,55.146603415902376,71.57880509873809,6.960756804150987,58.25685677652298,44.05167720761162,1.0284006595418942
STU0092,68.2181096170305,63.041323088510055,7.081365604428895,43.82571841476431,41.353223964077884,0.0
STU0651,50.88514877959701,49.83372366823836,8.910347273517347,26.98112858959761,52.37555985640113,0.034374403301325004
STU0184,53.16628334558631,82.87591701210444,6.215551176572898,61.2879665905141,31.347593566259647,1.0201741163827487
STU0300,76.23615080624946,64.00558694767552,4.754534707401286,61.27131551529702,57.83565868125978,0.9263951687276036
STU0727,45.23483536619764,69.02772865673214,7.168361208588254,70.06830306576946,43.599527950131275,0.0
STU0735,57.782597356372236,70.91544564194874,4.971196194910563,61.29181216006431,44.42016938771777,1.0236180671016422
STU0851,33.1459769056517,86.94494121348541,8.110375484623038,61.8977489400819,49.85506069362699,1.003792786612246
STU0894,63.86929050895888,53.332148802059415,15.010246954966304,51.85822262847364,34.29672892315614,0.0
STU0413,30.384132661734522,53.861779239477,9.146325276991853,28.48771029927444,43.23041528634697,0.0
STU0559,61.865886171680785,69.79799675350402,6.95026056653896,38.557208665627705,46.10658564515092,0.0
STU0497,38.513676495544395,74.30933518169292,3.8589310192079505,39.89181257490444,47.17801255397207,0.0
STU0103,69.86492154625792,72.45139071726503,8.182400661250798,51.75202672729546,45.67813977933407,1.0552869920319072
STU0738,80.83463061121107,75.46445719191287,6.985428453096868,44.97051008053763,37.313007751647035,1.0201305255260036
STU0422,73.48159917079757,49.612600798486675,7.028449341868872,69.666893926418,43.7083175360856,0.05477999280772647
STU0258,48.012373586322944,80.20695012728483,5.158549022076611,64.71968317258008,60.27941082536906,1.0220678100133573
STU0500,40.79253751735674,71.51013609478633,6.8674911999731725,44.790746633504824,33.84257228371993,0.02569616242405444
STU0877,74.15287281679281,72.51295768514353,8.076464347535971,47.38550790018789,53.992422287806775,1.0493696023441594
STU0072,42.913268062293554,83.06728883499694,11.924254228155894,66.01235668554365,51.34860614129783,1.0094349517111005
STU0533,53.356493858293256,72.71423583864843,8.983028718686278,45.558363503664864,60.457205982859406,0.9953176443937423
STU0244,55.434524092084835,79.04357240069714,5.009281021675721,68.99688747301329,36.68603218518915,1.0258256630142601
STU0038,70.96911058113493,92.91135735398557,7.80736315827915,55.757468493350736,59.202664958653166,1.036358993602547
STU0048,47.877407129844094,84.36894496438752,5.899992986371075,50.208991661608266,56.46036319977205,0.9879965962364825
STU0202,54.91525767671909,72.49762107782294,5.173485283488736,55.18585080721219,44.533196232745155,0.0
STU0312,51.59158479414313,76.60523075112395,4.113791883798554,55.329125948600115,46.35265050237704,0.0034726412613425126
STU0811,71.67451357515144,84.05200664042951,6.991956729432399,58.229745662677324,58.76729288624178,1.0207948997498815
STU0654,45.885354273909385,68.98912328575057,8.031218406023628,53.74780883453576,42.20874353133672,0.019959405849146992
STU0587,49.04492469037687,84.77415155148871,4.962217623644567,75.25082189457174,52.83741063213297,0.964383087397082
STU0951,76.29193474686198,76.63553276463922,9.174192861531049,36.63284907844254,39.97237900264126,1.047807228736866
STU0861,68.99041515986877,75.78164269214008,2.9742736132509933,56.30839291144406,58.185468661658234,0.983965149009586
STU0182,36.839844590553874,73.65594309339811,11.029769815754943,61.58785202360489,37.69838044917598,0.0
STU0973,36.30786502556916,54.87816563520735,7.147156652731011,35.96855849663936,20.595308719739048,0.0
STU0594,38.793269507395294,86.28576890375037,8.900181172176673,64.14217384986202,53.62934672817686,1.0674823260344113
STU0963,61.169562443620215,74.55482356715366,11.200157212160931,76.23949020157599,58.82101089838892,1.0060539292610229
STU0133,52.38335266798065,79.11069764831655,7.803480231874336,69.84995614165871,42.812216981862825,0.978718020918392
STU0716,55.129156325299405,58.6289072332645,3.209255125085316,60.8228060019227,30.570004045413768,0.021605806486934435
STU0628,50.389752694036105,93.62535295106126,4.952146379596321,58.209762650003846,41.78009124218274,1.0192352654475878
STU0163,34.247965295016584,66.58646994985342,4.968836129193868,58.05240328862501,28.739165750664228,0.0
STU0819,53.520045464359,66.11524442024282,4.757312168584312,45.84307665602099,37.16347114315247,0.02102267725981696
STU0588,58.71091983658623,52.335073046051306,8.941601825544346,58.35167825612026,46.94656138735096,0.0
STU0416,61.91463412182724,78.27028422406796,3.866483050750546,80.83909206049815,53.102600875776545,0.9876726397111295
STU0067,64.6001037561885,46.499857863894825,5.921974825281465,43.74772930643307,22.302077343677812,0.0
STU0369,68.93848423307381,75.56135379245602,4.982368507310181,57.21663918951666,42.45175467457699,0.9668893955662415
STU0868,52.2476476916099,61.07189672677439,10.12298577722419,41.99660378262023,46.788671110671004,0.045206918353875095
STU0094,38.23028406113247,71.4628200321872,3.0266574264595163,48.61387705584474,51.17409500119557,0.04105037916170277
STU0637,32.48702408901531,91.40533571985135,11.039507395742964,89.93374921217895,46.08808237517681,1.001645303929738
STU0585,49.38280800673752,64.83240153524855,3.859329209542632,66.15556051979652,49.40046326524474,0.04158814174076313
STU0320,75.2992092860385,46.477272677916886,5.886906269989858,38.848243285596304,26.281643802366116,0.0
STU0127,78.84256244779165,64.22172287715489,6.230966309426581,70.90755858703814,38.6956184141453,0.9939125679645647
STU0196,47.93009124781862,73.99751612985587,4.905596092813835,70.47612469613465,39.24286090789614,0.0014132710414608602
STU0242,84.08060410711589,74.53463675403407,7.212666362960883,59.58625222181196,36.016756253743665,0.9968758441476477
STU0457,81.26386528099393,56.789851461812674,9.968789588459847,52.51874416798059,40.698118174146934,0.9946181694853172
STU0178,67.54792811341251,64.57496225618151,5.000293783742305,61.56585776514646,36.520971742699075,0.02859516706272705
STU0522,45.411221469672086,92.51577333759468,6.137440847419632,68.492332171806,50.636616367226885,1.0037547325643665
STU0368,57.39846562974672,48.40827575902213,4.163318070125064,46.041981823922434,44.51466496197875,0.01781840896511681
STU0121,57.371488224253596,70.28123945448377,9.985771050146825,51.247037563576555,35.78521334734901,0.025793726822822993
STU0750,58.09186591876086,89.70496251302954,6.950147429808605,74.01926255591933,70.02530974134025,1.0097081126938343
STU0724,66.74747893655183,55.64221951846935,8.992819502989683,57.718260833896196,38.78854446621768,0.0
STU0208,47.24248212678584,56.72245924700196,7.043395628704963,51.72504041511218,40.55614448508297,0.0
STU0516,58.416678862160076,66.3199303146785,6.1144483570497625,70.8458106713398,37.91282915744398,0.003720844980773624
STU0016,57.17072381599758,81.03493385060638,7.000543137450864,64.17194817665693,50.20175033135083,0.9957170624855917
STU0263,87.43201889254671,77.59958944504395,7.079468447233866,67.79887871726075,51.533190328384805,1.0021855664218748
STU0029,65.3826940380131,73.38105587864213,5.210374513622201,53.507714053544085,36.36258067927479,0.0
STU0285,64.57644788260862,72.31827686409362,7.048962277721806,52.51927375949736,59.30763035088135,1.064612421491145
STU0826,38.043061425359426,63.96269229869651,9.040017962300682,44.54547967242338,43.12011602222567,0.0
STU0547,61.069828631306315,68.88623184633086,10.804963391268839,68.60834420921559,33.539554580134265,0.9502335663531557
STU0855,81.90668906602863,46.77725743592377,3.662199599937949,40.12156331974807,49.147927253450604,0.008312390079049095
STU0234,57.33119661940905,78.92681671880257,4.049869606491251,48.79978115705251,58.50508493784463,0.9905860734180663
STU0463,42.03635479428841,63.79204374003129,7.987824040628939,39.33177105557338,43.04578654700391,0.007904520290504612
STU0567,67.4310706471533,93.14104205764399,3.9338990377246317,72.97491279963269,52.69697238259119,1.0146022915928417
STU0109,72.75120731110417,73.8571297494127,9.031270634433259,44.31960403779731,59.87781855835022,1.0321140887457059
STU0607,98.9650991086544,77.33074975837748,8.992243824783735,54.37628657316366,44.62445025864603,0.9623058899034042
STU0401,98.40624698682375,73.61218553818988,8.144813264771203,67.58563595956633,56.38651815635507,0.9860770791935957
STU0717,50.228894130370215,80.47730848969752,9.011057115034474,51.41996205742887,47.761291882127935,1.0107228617496014
STU0971,78.38143116482745,38.71198207631753,9.904090890593405,36.70011103197217,21.27099369850864,0.019268472718876016
STU0615,71.5901081226389,77.39194711742161,6.1271428593019985,40.9831593700086,64.62902311113046,1.0548558336260707
STU0763,44.49836498873496,58.43650095652569,10.972119160777495,42.889192672534,33.00158439740368,0.023901136923028175
STU0504,54.18687670011427,84.89673186169489,6.0676102424577225,65.38379622744422,42.942181931104784,0.9985797777900175
STU0472,45.41652918597908,82.29725032098392,7.938697806632413,66.04781287713045,49.76701304413515,0.9777311515955744
STU0124,36.06198370870198,68.3052993308962,11.91655860902681,56.37306920125063,38.682208247015865,0.0
STU0160,62.772171807500996,68.59465252745157,5.010807669487344,65.4091763359533,36.86363278372123,0.0
STU0546,39.09645927683682,72.49908325975781,7.001647269273516,63.0641195437609,52.37644012268739,0.016386694149054724
STU0120,62.94235160701106,62.42733653654576,8.06161246349003,68.01478196777273,48.52812290335136,1.0064272319896885
STU0478,64.33576228714932,49.22182320170224,4.965504389191213,58.258098509281915,37.125397845970866,0.0
STU0520,71.1993738110493,76.63958580706455,6.764201177106214,43.912872624259585,56.58112412181762,0.9890985692091069
STU0178,67.52830196404335,63.644512778159516,4.9444294232365555,62.01824924344307,36.157688063305,0.021946528282251746
STU0128,62.12978927438936,93.52307900250173,4.101930711943354,72.49989513407922,40.746703675441694,1.008794700399867
STU0161,43.2258506301124,68.47815775797922,7.961815255342653,51.79032415468577,46.06067362263536,0.014221195305930858
STU0145,90.89457559979326,84.37550143368384,3.968362999011984,64.01079039719079,56.68722092167192,1.0095764635279394
STU0519,69.11794112478114,72.94441176482874,8.126656236472986,80.01827111893498,47.347744896840624,1.0406752978523264
STU0957,36.61744045488047,74.00233135281228,3.908578672652671,45.171539701273524,33.85619835641436,0.005903185252669802
STU0620,49.68703868123559,83.58622765768742,3.8018954749316674,73.40838545920978,56.81151963649866,0.9903459815735989
STU0320,77.64391241048645,45.33485567744238,5.979374069700843,37.891076090712254,26.24154722112112,0.0
STU0174,56.96662857002869,56.075127954744566,1.9378293683028291,54.78061621415775,43.52548191076325,0.006242466305753572
STU0455,78.8628933088394,55.14367108759014,10.875928591533697,57.182958849804805,54.29259462327976,0.9389605959492519
STU0471,83.91116958732762,59.59083664221829,5.977480429582849,51.51213676661959,61.28478556862514,0.9953911286346564
STU0418,83.11486467098503,46.12488114558296,8.063112062293415,38.12572955268274,44.66348707719301,0.0
STU0907,73.56824180383147,75.91352831882507,6.998807296966845,47.14281358345162,56.297199870687365,0.9658760393537151
STU0130,42.43973874654231,56.12306923001542,5.039418079305497,58.282062674620356,34.373263137260665,0.0
STU0989,67.2143662211016,68.87986415754179,9.232851647327259,57.26873640622572,44.611305845743296,1.0202486712138275
STU0125,41.05500559182697,63.52155247346211,7.955972444689224,61.17908779782729,36.632659163437786,0.00576985475739433
STU0509,53.50958830718944,56.01828194316272,3.035741514807379,52.74119849863059,32.21383863344817,0.0025456176542514924
STU0924,66.84846907953141,69.44776713956195,4.934614168441365,70.6228574764728,40.252850736860545,1.0076614250603222
STU0839,57.168020971559024,70.02813153757594,4.891322698603045,51.15242620417525,45.30714912638735,0.00231651717407511
STU0474,86.12427832204503,72.97285481785617,6.924894599959982,54.99665715292673,60.65919083986889,1.0310826670069817
STU0833,56.6263427163462,62.383403982654265,1.9385247332179436,40.986567608955205,48.75766712941742,0.0030868321795899955
STU0229,40.744707896876356,68.05131317815889,5.046158694319901,47.59046512584573,36.35361484674961,0.0
STU0151,74.31131888176402,74.23963828761103,5.301634412977097,49.90660720686915,46.715851894870774,1.0407678116555112
STU0733,44.5710711387267,65.30775264050033,3.908056035147971,45.06267841745517,33.52434407186255,0.00926181506520389
STU0158,59.868305917169785,62.70360186459351,5.946502990579447,57.817366899571816,43.57761465518916,0.0
STU0432,47.64364315394143,84.86789532219493,6.991894653585486,67.92261202905974,53.838009637242415,0.9686537599570582
STU0426,60.496820170462485,74.27666426429641,1.0508227763716607,89.37943583955835,52.07463520781087,1.0099013923672029
STU0655,27.02059786993647,65.78777327492627,6.033841391965165,30.842835928739532,37.011242161443455,0.0
STU0705,51.94073075906725,70.9816242165741,12.164885051051458,67.74313970323853,46.1221574179614,1.039367732066714
STU0490,75.87075802310616,55.12780945249155,5.6884377456054365,56.80174631277971,44.31267013569494,0.9913492278699497
STU0506,55.12689309437576,63.40957008117912,6.693504911893383,59.091894234572564,34.66175514499175,0.0
STU0068,41.74333961668407,63.92867094407378,6.936326481176449,52.450070109811385,43.625568972193065,0.02240290792370978
STU0724,66.09854057108954,56.23243205081202,9.14089945492745,58.567268108787445,38.41452755196657,0.02314031319180187
STU0831,65.28066059251992,59.6495015828911,8.798962073673504,42.919669735215926,42.278866097139975,0.004217790813204619
STU0180,68.25170036197197,59.076304106431564,5.613803258127906,61.60571162925686,31.227180992514455,0.01691496833113715
STU0313,80.6190129844834,47.135666692941555,7.073342616647338,54.03598532031466,26.090129046088336,0.0
